"","ZAT","clus","sign_traffic","traffic_light","sign_crossing","pedestrian_light","sign_stop","sign_yield","sign_school_zone","sidewalk","crosswalk","lane_marking","lane_bike","lane_bus","roundabout","curb","bollards","median","median_barrier","speed_bump","trees","bus_stop","street_lights","kiosks","parked_vehicles","sidewalk_obstruction","lane_parking","brt_station","potholes"
"1",3,1,55.9410186593147,0,0.917065879660897,0,7.33652703728718,0,0.917065879660897,7.33652703728718,1.83413175932179,22.0095811118615,0,0,0,31.1802399084705,3.66826351864359,0.917065879660897,0,1.83413175932179,42.1850304644013,3.66826351864359,29.3461081491487,0,1.83413175932179,5.50239527796538,0,0,1.83413175932179
"2",4,1,65.9858223819272,3.19286237331906,1.06428745777302,0,1.06428745777302,7.45001220441113,1.06428745777302,54.278660346424,1.06428745777302,122.393057643897,0,0,1.06428745777302,319.286237331906,50.0215105153319,19.1571742399143,0,0,886.551452324925,13.8357369510492,222.436078674561,7.45001220441113,27.6714739020985,9.57858711995717,1.06428745777302,0,46.8286481420128
"3",7,1,563.740515592557,12.1670614876092,28.3898101377547,0,77.0580560881913,4.05568716253639,8.11137432507277,1378.93363526237,52.723933112973,506.960895317048,0,0,0,3276.9952273294,1464.10306567563,150.060425013846,0,40.5568716253638,3126.93480231555,68.9466817631185,2279.29618534545,121.670614876092,1435.71325553788,1309.98695349925,8.11137432507277,0,365.011844628275
"4",9,2,1590.87215317863,295.62447098825,86.6248449872546,126.499773632181,70.1248745134918,54.9999015792093,12.3749778553221,2645.49526595996,228.249591553718,1087.62305372886,169.124697356068,81.1248548293336,0,6436.36348230696,2143.62116404968,609.123909989742,118.2497883953,93.4998326846557,11024.7302715525,114.124795776859,5501.3651554604,137.499753948023,2111.99622064164,853.873472017224,126.499773632181,13.7499753948023,307.999448843572
"5",10,1,668.289866536595,20.5627651242029,41.1255302484059,0,17.9924194836776,64.2586410131342,0,714.556088066052,38.5551846078805,1277.46178334111,200.486959960979,77.110369215761,0,2362.14764364281,963.879615197012,555.194658353479,41.1255302484059,38.5551846078805,5022.45538158656,43.6958758889312,4935.0636298087,107.954516902065,300.730439941468,239.042144568859,10.2813825621015,92.5324430589132,87.3917517778624
"6",11,2,1703.09669401485,189.111507101778,86.3572778094823,81.9847574140655,122.430571071671,79.798497216357,77.6122370186486,3260.8070848821,251.419922736467,1003.49343074816,133.361872060213,33.8870330644804,0,8112.11846359706,3351.536883087,341.056590842512,88.5435380071907,472.232202705017,4920.17857494278,175.993945915527,5250.30386479675,261.258093626155,3973.52790933504,3994.29738121327,67.7740661289608,9.83817088968785,433.97264924512
"7",12,2,1895.92539827237,84.6976982046077,143.334566192413,34.7477736224032,182.425811517617,10.858679257001,221.51705684282,2480.12234229903,180.254075666216,173.738868112016,4.3434717028004,0,2.1717358514002,6463.08589376699,549.44917040425,110.75852842141,0,353.992943778232,1850.31894539297,206.314905883019,2484.46581400183,95.5563774616087,2768.96321053525,2621.28517264004,0,0,397.427660806236
"8",13,2,1498.61319057889,80.2828494952979,72.0487110855238,30.8780190366531,90.5755225075156,8.23413840977415,135.863283761273,2947.82155069914,90.5755225075156,158.507164388152,0,0,0,8841.40611749499,1453.32542932514,12.3512076146612,0,212.029064051684,1494.49612137401,304.663121161643,3592.14288126397,123.512076146612,2984.87517354313,4088.24972045286,6.17560380733061,0,360.243555427619
"9",14,1,751.307327087802,4.81607260953719,43.3446534858347,0,48.1607260953719,4.81607260953719,38.5285808762975,1661.54505029033,33.7125082667603,130.033960457504,0,0,0,5321.7602335386,139.666105676579,52.9767987049091,14.4482178286116,120.40181523843,1059.53597409818,221.539340038711,1979.40584251979,4.81607260953719,910.237723202529,1536.32716244236,14.4482178286116,0,163.746468724265
"10",15,2,2791.25618033463,2172.18379792579,184.635622823692,879.734438159943,282.383893730352,10.8609189896289,249.801136761465,3844.76532232864,1259.86660279696,1086.09189896289,282.383893730352,10.8609189896289,0,11241.0511542659,7418.00766991656,434.436759585157,21.7218379792579,543.045949481446,2812.97801831389,347.549407668126,5473.90317077298,162.913784844434,3410.32856274348,3258.27569688868,0,0,564.767787460704
"11",16,2,1114.9586490363,5.09113538372738,86.5493015233654,5.09113538372738,86.5493015233654,0,127.278384593184,2377.56022420069,66.1847599884559,71.2758953721833,0,0,0,6272.27879275213,595.662839896103,66.1847599884559,0,361.470612244644,3059.77236562015,66.1847599884559,2698.30175337551,86.5493015233654,2759.39537798024,2321.55773497968,40.729083069819,0,371.652883012099
"12",17,1,373.329146407652,101.545527822881,32.8529648838734,56.7460302539631,20.9064321988285,0,26.879698541351,904.949850892149,17.9197990275673,89.5989951378366,0,0,0,1956.2447271761,238.930653700897,77.6524624527917,0,122.45196002171,4605.3883500848,158.291558076845,1051.29487628395,17.9197990275673,534.607337655758,149.331658563061,23.8930653700897,0,206.077688817024
"13",18,1,184.379328478975,61.4597761596582,12.2919552319316,55.3137985436924,12.2919552319316,0,0,344.174746494086,12.2919552319316,18.4379328478975,0,0,0,854.290888619249,18.4379328478975,92.1896642394873,0,0,1014.08630663436,30.7298880798291,356.466701726017,0,135.211507551248,104.481619471419,12.2919552319316,0,79.8977090075556
"14",20,1,674.659065913387,454.362228064118,41.305657096738,114.737936379828,4.58951745519311,41.305657096738,96.3798665590553,1266.7068176333,9.17903491038622,87.2008316486691,0,0,0,3451.31712630522,151.454076021373,339.62429168429,9.17903491038622,0,3336.57918992539,257.012977490814,1890.88119153956,13.7685523655793,486.48885025047,491.078367705663,4.58951745519311,0,252.423460035621
"15",21,1,228.575830257885,97.356372146877,8.46577149103278,31.7466430913729,4.23288574551639,16.9315429820656,12.6986572365492,516.412060952999,44.4453003279221,38.0959717096475,2.11644287275819,0,0,1271.98216652767,300.534887931664,93.1234864013606,0,10.582214363791,1487.85933954901,44.4453003279221,1013.77613605118,33.8630859641311,306.884216549938,133.335900983766,6.34932861827458,2.11644287275819,768.268762811225
"16",22,1,65.8351483353282,9.68163946107767,15.4906231377243,9.68163946107767,1.93632789221553,1.93632789221553,11.6179673532932,85.1984272574835,5.8089836766466,7.74531156886214,5.8089836766466,0,0,284.640200155684,34.8539020598796,7.74531156886214,0,7.74531156886214,429.864792071849,0,425.992136287418,1.93632789221553,127.797640886225,91.0074109341301,25.172262598802,0,32.9175741676641
"17",23,2,1479.60572827485,597.455971579819,140.342006746937,320.781729707286,64.1563459414571,12.0293148640232,72.1758891841393,2875.00625250155,308.752414843262,765.866379676144,72.1758891841393,4.00977162134107,4.00977162134107,6495.83002657253,2686.54698629852,593.446199958478,0,8.01954324268214,7510.30224677182,108.263833776209,4919.98977938549,228.556982416441,3528.59902678014,2125.17895931077,613.495058065184,0,280.684013493875
"18",24,2,956.018196742828,300.844887086904,60.1689774173808,120.337954834762,187.192374187407,33.4272096763227,60.1689774173808,3797.33101923025,86.9107451584389,227.305025798994,86.9107451584389,6.68544193526453,0,6906.06151912826,1972.20537090304,127.023396770026,13.3708838705291,20.0563258057936,1591.13518059296,173.821490316878,3790.64557729499,187.192374187407,3931.03985793555,5248.07191918266,6.68544193526453,0,1671.36048381613
"19",25,1,392.893709637593,24.6464688702549,24.6464688702549,0,7.24896143242792,7.24896143242792,34.795014875654,418.989970794334,34.795014875654,208.770089253924,36.2448071621396,11.5983382918847,0,1045.30023855611,268.211572999833,104.385044626962,4.34937685945675,111.63400605939,1494.73584736664,17.397507437827,967.011455085885,86.9875371891351,234.866350410665,388.544332778137,0,1.44979228648558,26.0962611567405
"20",26,2,2738.29859393436,110.193102371604,88.1544818972834,0,82.6448267787032,236.915170098949,71.6255165415427,3338.85100185961,170.799308675987,1812.67653401289,126.722067727345,165.289653557406,0,9933.90817880012,2137.74618600912,1355.37515917073,187.328274031727,137.741377964505,7123.98406832421,77.1351716601229,10776.8854119429,1063.36343788598,3393.94755304541,2914.60755772893,22.0386204743208,132.231722845925,468.320685079318
"21",27,2,1589.2533719255,170.914889115583,70.7893757157827,52.29485413238,163.899725756362,42.0909801553302,84.1819603106605,2851.34503446184,433.026901901049,1056.10095662465,119.895519230335,16.5812952127059,1.27548424713122,7739.63841159224,1029.31578743489,395.400116610678,14.0303267184434,366.701721050226,6780.47425774956,89.9216394227509,4547.1013410228,270.402660391818,2618.56915936039,2456.58265997473,61.2232438622985,14.0303267184434,332.901388501248
"22",28,1,1201.15526960355,112.576031287005,55.7716118302595,49.5747660713418,74.3621491070127,7.22965338540401,131.166568563759,698.17795550473,40.2794974329652,63.0012652156635,28.9186135416161,1.03280762648629,0,3101.52130233832,1200.12246197707,132.199376190245,0,133.232183816731,5223.94097476764,41.3123050594515,3118.0462243621,15.4921143972943,744.654298696613,271.628405765894,12.3936915178355,0,1027.64358835386
"23",29,1,1100.40279265787,484.743352392694,49.53581703283,233.525994583342,56.6123623232343,45.9975443876279,17.6913632260107,1178.24479085231,300.753174842182,849.185434848515,229.987721938139,3.53827264520215,0,3467.5071922981,1280.85469756318,477.66680710229,3.53827264520215,63.6889076136386,6110.5968582641,116.762997291671,4436.99389708349,70.7654529040429,321.982810713395,176.913632260107,0,0,81.3802708396493
"24",30,1,252.278539600992,113.654495656419,12.0542646908324,43.9119642308893,1.72203781297605,13.7763025038084,6.88815125190421,316.854957587594,49.0780776698175,233.336123658255,54.2441911087456,0,0.861018906488026,892.876606028083,180.813970362485,70.6035503320181,9.47120797136829,28.4136239141049,1070.24650076462,27.5526050076168,1189.06710985996,6.02713234541618,36.1627940724971,40.4678886049372,0.861018906488026,0,45.6340020438654
"25",31,1,79.5069513587481,0,0,0,4.41705285326378,0,0,70.6728456522205,0,13.2511585597913,0,0,0,309.193699728465,48.5875813859016,0,0,35.3364228261103,198.76737839687,0,428.454126766587,0,114.843374184858,92.7581099185394,0,0,97.1751627718032
"26",32,1,623.655802488265,479.457929080574,25.234627846346,205.48196960596,14.4197873407691,0,46.8643088574997,1200.44729611903,100.938511385384,140.592926572499,7.20989367038457,0,3.60494683519228,2959.66135169286,1261.7313923173,21.6296810111537,7.20989367038457,36.0494683519228,937.286177149994,68.4939898686534,1759.21405557383,169.432501254037,1160.79288093192,1521.28756445114,25.234627846346,0,122.568192396538
"27",33,2,846.954000904079,79.5795705547456,45.4740403169975,38.9777488431407,146.97859459601,0,69.0230969097284,2868.11268570777,106.376772884405,332.93493803516,29.2333116323555,0,0,7344.0575111951,1490.0868568159,81.2036434232098,0,134.798048082528,2466.15465076288,72.2712426466568,3058.94124775231,114.497137226726,2322.4242019038,3097.91899659546,59.2786596989432,0,326.438646561304
"28",36,1,393.046582197478,8.53357841297206,35.1382640534144,0,25.0987600381531,1.50592560228919,21.5849336328117,819.725502846081,64.252825697672,105.414792160243,25.0987600381531,0,0.501975200763062,1558.13102316855,406.097937417318,42.6678920648603,0,188.742675486911,1962.22105978281,46.6836936709648,1605.31669204027,97.8851641487972,1381.43575249995,691.7218266515,21.0829584320486,0,90.3555361373513
"29",37,2,1418.56303027622,37.1551095908481,76.2156094171242,8.57425605942648,151.478523716534,8.57425605942648,102.891072713118,3584.03903284027,120.992279949685,159.100084658247,26.6754632959935,1.90539023542811,0,8374.19008470652,941.262776301484,86.6952557119788,0.952695117714053,284.855840196502,3625.00492290197,134.330011597681,4454.80237043091,168.627035835387,4557.69344314403,4845.40736869367,65.7359631222697,0,705.947082226113
"30",38,1,149.053644556177,0,3.6354547452726,0,19.9950010989993,0,7.2709094905452,476.24457163071,10.9063642358178,25.4481832169082,0,0,0,845.243228275879,236.304558442719,3.6354547452726,0,3.6354547452726,723.455494309247,29.0836379621808,972.48414436042,54.531821179089,608.93866983316,289.018652249172,52.7140938064527,0,105.428187612905
"31",39,2,1545.51309362837,19.4098975651915,94.6232506303083,2.42623719564893,131.016808565042,9.70494878259573,87.3445390433615,3103.15737323498,148.000468934585,732.723633085977,72.787115869468,0,0,6652.74239046937,1419.34875945462,351.804393369095,0,497.378625108031,7327.23633085977,106.754436608553,5529.39456888391,310.558361043063,4311.42349666815,3272.99397693041,53.3772183042765,0,441.575169608106
"32",40,2,1121.47822167027,318.005890911026,65.9693071570746,123.481010832473,60.8947450680689,18.6067276596877,55.8201829790631,2136.39063947142,211.440087041906,1009.83785571214,50.7456208900574,3.38304139267049,0,5196.35157914188,1571.42272689544,356.910866926737,0,458.402108706852,8547.254078582,211.440087041906,3728.11161472288,488.849481240886,1774.40521045567,1549.43295784309,10.1491241780115,0,287.558518376992
"33",41,2,1723.99139516984,459.079861603299,87.9089096687169,173.375905179969,124.537622030682,24.4191415746436,73.2574247239308,2872.91200625682,250.296201140097,919.380680285331,144.072935290397,32.9658411257688,0,6692.06574853108,2012.13726575063,440.765505422317,1.22095707873218,373.612866092047,7673.71523983175,113.549008322093,4480.9124789471,643.444380491859,2363.7729044255,2246.56102486721,46.3963689918228,23.1981844959114,296.69257013192
"34",42,3,193.351420176179,49.7512426184321,7.91497041656874,23.7449112497062,9.04568047607856,0,18.0913609521571,283.808224936965,5.6535502975491,21.4834911306866,1.13071005950982,0,0,860.470355286973,185.43644975961,0,0,57.6662130350008,440.97692320883,44.097692320883,540.479408445694,19.2220710116669,340.343727912456,254.409763389709,0,0,74.6268639276481
"35",43,3,251.112577585187,2.43798619014744,0,0,7.31395857044233,0,9.75194476058977,153.593129979289,26.8178480916219,7.31395857044233,0,0,0,775.279608466887,60.9496547536861,0,0,39.0077790423591,624.124464677745,9.75194476058977,482.721265649194,2.43798619014744,258.426536155629,131.651254267962,0,0,121.899309507372
"36",44,3,456.329943089689,239.363252356861,23.7963467255359,117.581948526177,27.9957020300423,33.5948424360507,15.3976361165232,765.682450521656,110.583023018667,506.722206743765,114.782378323173,1.39978510150211,0,2007.29183555403,590.709312833892,127.380444236692,0,65.7898997705993,2821.96676462826,48.992478552574,1921.9049443624,13.9978510150211,447.931232480676,323.350358446988,20.9967765225317,0,242.162822559866
"37",45,3,1493.49592434583,670.855132893109,95.5687479819793,247.354406541593,73.0819837509253,59.9647046161439,37.4779403850899,2016.31319271784,236.111024426066,815.145203375706,211.750363175758,0,7.49558807701798,5602.95208757094,817.01910039496,365.409918754627,0,247.354406541593,8801.69429943837,161.155143655887,5308.75025554799,35.6040433658354,876.983805011104,680.224617989382,97.4426450012338,0,277.336758849665
"38",46,2,1873.15988560807,472.527889695249,72.0446109849259,187.527884475469,95.353161597696,33.9033463458475,61.4498152518486,2641.28257625618,264.869893326933,903.736076031497,191.7658027687,1.05947957330773,2.11895914661547,6019.96293553454,1116.69147026635,238.38290399424,1.05947957330773,422.732349749786,7733.14140557315,138.791824103313,4818.51309940357,120.780671357082,2306.48703109094,1821.24538651599,93.2342024510806,2.11895914661547,242.620822287471
"39",47,2,2461.54066281871,182.336345393978,134.510418733263,83.6953716562524,228.667711846547,17.9347224977684,245.107874136168,3268.60317521829,467.797345150125,984.915177169113,19.4292827059157,14.9456020814736,0,8087.06528628539,2186.54158451959,189.809146434715,13.4510418733263,1053.66494674389,8097.52720774242,182.336345393978,4476.20782340136,327.308685584273,3808.13941035948,2634.9096469638,43.3422460362736,35.8694449955367,1034.23566403798
"40",48,2,1953.22118951166,13.9019301744602,198.102504986058,3.47548254361505,194.627022442443,6.9509650872301,187.676057355213,2717.82734910697,371.87663216681,660.341683286859,0,0,0,6273.24599122516,941.855769319678,20.8528952616903,0,1247.6982331578,4236.61322066674,79.9360985031461,2902.02792391856,125.117371570142,3812.60435034571,2721.30283165058,34.7548254361505,0,337.12180673066
"41",49,2,1790.00530353252,109.313300979085,88.8170570455066,30.7443659003677,235.706805236152,99.0651790122958,30.7443659003677,2907.05059791254,505.574017028268,1014.56407471213,88.8170570455066,140.057666879453,3.41604065559641,8447.86854128992,1766.09301894334,973.571586844976,150.305788846242,389.42863473799,10695.6232926724,129.809544912663,6753.5123761141,68.3208131119281,3784.97304640082,2237.50662941565,23.9122845891749,61.4887318007353,409.924878671569
"42",50,1,939.449917892594,54.4425154573875,92.4256657764951,17.7254701489169,30.3865202552861,24.0559952021015,50.6442004254768,1020.48063857336,56.9747254786614,264.615947223116,45.5797803829291,51.9103054361137,1.26610501063692,3044.98255058179,1009.08569347762,316.52625265923,27.8543102340122,39.2492553297445,5097.33877282424,60.7730405105721,2642.36115719925,50.6442004254768,945.780442945779,381.097608201713,10.1288400850954,35.4509402978337,224.100586882735
"43",51,2,2206.89368755702,607.558210725389,73.8154835460753,261.193249470728,143.845557679531,52.9957317766695,107.884168259649,3726.73556672365,486.425109521573,1275.68297205269,223.339155344536,98.4206447281005,0,10453.4080929481,4141.23789740546,883.893097846595,11.3562282378577,420.180444800737,11865.365803855,221.446450638226,6064.22587901604,157.094490623699,2835.27165005182,3448.50797489614,68.1373694271465,68.1373694271465,446.678310689071
"44",52,2,2462.83720699821,325.502369714732,171.248234669196,143.796227584821,138.567273854464,56.2112526013393,135.952796989286,3196.1979676808,305.893793225893,1102.00199867277,200.007480186161,125.494889528571,0,8374.16939916696,3364.83172548482,904.608995351786,77.1270675227678,264.062163383036,9285.3145866817,196.085764888393,6476.05919504732,227.459487270536,4615.85890547277,4315.19406597723,27.452007084375,45.753345140625,615.709301749553
"45",53,2,3263.42639459572,264.772521390252,184.9204911297,128.18352226036,306.799905737911,35.7232766955102,241.65745999904,4686.05335476398,409.766997389676,1132.63800816941,81.9533994779351,29.4191690433613,0,11860.1278629094,5562.32431841267,521.139565910972,21.0136921738295,853.155902257479,5745.14344032499,187.021860347083,5625.36539493416,268.975259825018,7422.03607579659,9130.44924952893,10.5068460869148,75.6492918257863,453.895750954718
"46",54,2,2364.11543652718,687.855343262168,122.388675940791,333.083105408482,199.849863245089,30.9844749217193,80.5596347964701,3973.7589087105,390.404384013663,1154.17169083404,88.3057535268999,4.64767123825789,0,10104.0372719727,2390.45224021064,687.855343262168,0,579.40968103615,9409.98503372614,175.062283307714,5969.15909366922,202.948310737261,3301.39580290919,3076.75835972672,144.077808385995,0,625.886393418729
"47",55,2,2098.27031310463,262.474540984725,138.867344358197,85.4568272973523,125.133211399694,44.2544284218431,120.555167080193,2246.29374610183,300.6249103139,827.100007056517,235.006275067719,0,1.52601477316701,6213.93215633604,1173.50536056543,289.942806901731,0,386.081737611252,6950.99729177571,393.711811477087,3734.15814993966,131.237270492362,1577.89927545468,1060.58026735107,4.57804431950102,0,207.538009150713
"48",56,2,2918.5272919338,548.385701350619,104.100336527575,237.943626348743,438.708561080495,22.3072149701947,250.95616841469,5099.05755527033,552.103570512318,1068.88738398849,52.0501682637875,0,0,13609.2600663996,1860.7935154304,286.275925450831,0,1094.91246812039,2464.94725420651,206.341738474301,4732.84744284297,507.489140571928,5716.22383611238,6099.16435976739,1.85893458084955,0,639.473495812247
"49",57,2,484.847497500958,128.513794518326,21.4189657530544,44.7851102109318,15.577429638585,1.94717870482312,27.2605018675237,1141.04672102635,7.78871481929249,33.1020379819931,0,0,0,3512.71038350091,116.830722289387,130.460973223149,0,60.3625398495168,1822.55926771444,167.457368614789,1331.87023409902,64.2568972591631,771.082767109957,985.272424640501,0,0,311.5485927717
"50",58,2,827.492730145333,18.388727336563,33.9484196982701,1.41451748742792,57.9952169845447,0,41.0210071354097,2503.69595274742,33.9484196982701,244.71152532503,0,0,0,6914.16147854767,305.535777284431,48.0935945725493,0,84.8710492456752,1178.29306702746,165.498546029067,2759.72361797187,60.8242519594006,1853.01790853058,2001.54224471051,7.0725874371396,0,205.105035677048
"51",59,2,2103.65633807838,230.770614454326,82.5915883310219,109.31239632047,466.399557634006,19.4333149014169,187.045655926138,6262.3857269816,400.812119841724,1241.302989328,72.8749308803134,0,0,15191.9939241827,1518.2277266732,284.212230433222,2.42916436267711,517.412009250225,6352.26480840065,347.370503862827,6279.38987752034,155.466519211335,6303.68152114711,6051.04842742869,4.85832872535423,2.42916436267711,1037.25318286313
"52",60,2,2288.86593342731,349.149040692301,108.069941166665,116.3830135641,302.041630440165,41.5653619871787,119.154037696579,4344.96583972641,304.812654572644,1205.39549762818,55.4204826495716,0,0,12101.062386534,2601.99166039739,299.270606307686,0,545.89175409828,7659.11070217079,232.766027128201,6046.37465706826,144.093254888886,4610.98415644435,4444.72270849564,63.7335550470073,2.77102413247858,548.662778230759
"53",61,2,995.616773920443,195.180318055691,69.0031427469614,102.518954938343,51.2594774691713,27.6012570987846,19.715183641989,2115.43920478542,163.636024228508,747.205460031382,11.8291101851934,1.9715183641989,0,4735.58711080575,664.401688735028,236.582203703868,0,153.778432407514,10228.2372734639,92.6613631173481,2748.29659969326,37.458848919779,1048.84776975381,733.40483148199,15.7721469135912,0,601.313101080664
"54",62,2,2459.29147012316,1456.93960801785,127.058686745743,796.234436939988,180.705687816168,8.47057911638285,121.411634001488,3845.64291883782,652.23459196148,965.646019267645,223.058583398082,2.82352637212762,0,9941.63635626134,2936.46742701272,559.058221681268,2.82352637212762,536.470010704247,8021.63842321456,361.411375632335,5878.5819067697,285.176163584889,2645.64421068358,2724.70294910315,81.8822647917009,0,581.646432658289
"55",63,2,3229.71100048694,683.249808699386,225.580889221385,305.835628655916,95.4380685167397,101.945209551972,186.538043009991,3524.70139408414,375.245133031726,1650.64477593725,277.638017503243,294.990393597195,0,11411.3563287856,3203.68243634601,1869.7185241234,240.764218303593,1047.64970667239,17113.7809226608,264.623735432778,11708.5157693946,117.128538634181,1134.41158714216,1401.20436958668,10.8452350587204,225.580889221385,425.13321430184
"56",64,2,2658.01278576157,195.853573687695,115.025114705471,65.2845245625649,174.092065500173,37.3054426071799,273.573245785986,3323.29317892294,494.297114545134,1538.84950754617,108.807540937608,111.91632782154,0,9416.515471429,2804.12576930636,739.891278375735,15.5439344196583,1675.63613043916,11822.7165195921,170.983278616241,6043.48170236315,254.920524482396,3024.8496380655,2138.84537614498,62.1757376786332,130.56904912513,497.405901429066
"57",65,2,1309.16111556882,148.20691874364,45.2854473938899,41.1685885398999,61.7528828098498,90.5708947877797,41.1685885398999,1165.07105567917,115.27204791172,551.659086434658,98.8046124957597,82.3371770797998,0,3561.08290870134,979.812407249617,699.866005178298,90.5708947877797,263.478966655359,6755.76537939757,86.4540359337898,4841.42601229223,16.46743541596,662.814275492388,279.946402071319,24.7011531239399,102.92147134975,94.6877536417697
"58",66,2,1618.69713975103,514.00161191691,97.9050689365543,275.765944171295,96.2733177876117,42.4255298725069,32.6350229788514,2522.68727626522,300.242211405433,858.301104343793,249.657925788214,0,3.26350229788514,5985.26321432135,974.155435918716,466.680828597576,1.63175114894257,223.549907405132,10900.0976749364,153.384608000602,3353.24861107699,91.378064340784,1191.17833872808,621.69718774712,11.422258042598,0,520.528616512681
"59",67,2,1417.04213220559,256.703717380309,65.8214659949511,97.791892335356,170.195504929802,15.0449065131317,84.6275991363657,2742.87451867532,446.645662108597,1078.53173566013,15.9852131702024,73.343919251517,0,7442.52719071483,1886.25515408389,474.854861820719,8.46275991363657,488.019155019709,6856.71614335977,104.374038934851,3694.4648556309,71.4633059373755,3014.62314256876,2148.60071140662,88.3888257646487,34.791346311617,476.73547513486
"60",68,2,3335.76089475565,523.986475313549,134.575761419327,309.237919857176,203.295299165366,45.8130251640261,188.978728801608,5417.39022564609,1105.23923208213,2118.85241383621,31.496454800268,88.7627362553006,0,12409.6031913056,1904.10385837984,773.094799642941,5.72662814550326,821.771138879718,6680.11173172956,177.525472510601,5752.39797215803,128.849133273823,8234.89127323369,5652.18197961172,48.6763392367777,65.8562236732875,712.965204115156
"61",69,2,3442.78862259742,631.676869015701,166.151972655789,220.039098922531,170.64256651135,68.8557724519484,160.164514181706,4183.73660876513,690.054589138005,2266.25303244022,374.216154630155,278.416819044835,0,14021.1308816826,6385.62446260896,2052.20139199177,110.767981770526,1853.11839772853,16778.3555089976,252.970120529984,10693.6008347113,369.725560774593,2203.38471846235,2136.02581062892,43.4090739370979,188.604941933598,449.059385556185
"62",70,2,2658.51386228844,806.373872921612,204.743366171503,453.585303518407,170.094488819403,9.44969382330014,207.893264112603,3108.94926786575,626.829690278909,1026.86672879862,56.6981629398009,0,0,9191.40219212994,1808.04141819143,485.084282929407,0,1426.90376731832,9830.83147417325,264.591427052404,3436.53865374015,103.946632056302,2614.41529111304,1452.10295084712,12.5995917644002,0,680.37795527761
"63",71,2,3852.61979831229,761.56437873615,200.411678614776,318.300901329351,245.209583246315,14.1467067257489,223.989523157691,4607.11082368556,865.306894724975,1636.30241127829,127.32036053174,2.35778445429149,0,13168.2261772179,3187.72458220209,438.547908498216,2.35778445429149,1773.0539096272,13003.1812654175,301.79641014931,5130.53897253827,377.245512686638,3977.58237438974,3520.17219025719,54.2290424487042,0,978.480548530967
"64",72,2,1173.18366340435,482.383540683451,55.4657032841599,228.585928686235,55.4657032841599,15.1270099865891,73.9542710455465,3312.815187063,255.478390884615,1235.37248223811,10.0846733243927,0,0,8390.44820589473,875.685800334766,487.425877345647,0,329.432661930162,9951.8917922882,233.628265348431,3462.40450804149,78.9966077077428,1937.9380571708,1216.88391447672,134.462310991903,1.68077888739878,383.217586326923
"65",73,2,1816.29117595284,349.372901909547,100.7806447816,132.134623158098,107.499354433707,6.71870965210668,136.613762926169,2725.55654887128,262.029676432161,1072.75397445303,8.95827953614224,0,0,7283.08126288364,1007.806447816,349.372901909547,0,1048.11870572864,7825.05717482025,241.87354747584,3030.13805310011,67.1870965210668,2141.028809138,1487.07440299961,17.9165590722845,0,333.695912721298
"66",74,2,1805.88831057674,301.968209309554,82.8932339281128,230.9168659426,118.41890561159,0,153.944577295067,2303.24771414542,230.9168659426,763.801941194754,0,0,0,5885.41960889601,823.011394000549,142.102686733908,0,598.015473338528,6631.45871424903,65.1303980863744,2457.19229144049,53.2885075252154,1918.38627090775,769.722886475334,11.841890561159,0,331.572935712451
"67",75,2,1631.08393645405,709.708277693747,87.1571569097584,361.079650054713,67.2355210446707,2.49020448313595,79.6865434603505,2044.45788065462,393.452308335481,951.258112557934,29.8824537976314,0,0,6118.43241506504,1521.51493919607,129.49063312307,0,443.2563979982,5861.94135330203,159.373086920701,2111.69340169929,139.451451055613,1364.6320567585,1469.22064505021,7.47061344940786,0,293.844129010042
"68",76,2,1577.2795364275,371.861930442509,79.3862548135693,98.1882625325726,142.059613876913,0,91.9209266262381,2722.11289531792,240.247876409486,564.060231570098,4.17822393755628,0,0,8830.6762920252,710.298069384567,275.762779878714,0,380.218378317621,9273.56802940616,254.871660190933,2816.12293391293,139.970501908135,2001.36926608946,1548.0319688646,48.0495752818972,0,676.872277884117
"69",77,2,1911.31420170486,298.513280960412,122.307524837946,147.183631584647,157.54867606244,14.5110622689089,153.402658271323,3594.59742489829,391.79868126054,1353.67480879965,55.9712401800772,0,0,10257.248015223,499.595143829578,456.061957022851,0,489.230099351786,10665.630767648,174.132747226907,3957.37398162101,49.752213493402,1540.2456093999,1133.93586587045,16.5840711644673,0,449.842930336176
"70",78,2,1437.17259282524,727.040252841005,50.7237385703027,245.164736423129,101.447477140605,16.9079128567675,25.3618692851513,3077.24013993169,245.164736423129,1538.62006996585,0,0,0,8014.35069410782,997.566858549285,532.599254988178,0,25.3618692851513,6957.60614055985,456.513647132724,2891.25309850725,16.9079128567675,1885.23228352958,1665.4294163916,33.8158257135351,0,684.770470699086
"71",79,2,1499.47828527388,0,84.3862238465823,0,103.859967811178,0,123.333711775774,2453.69173953908,324.562399409932,1356.67082953351,12.9824959763973,0,0,7899.84880163774,798.423502548432,298.597407457137,0,941.230958288802,7938.79628956693,155.789951716767,2538.07796338567,19.4737439645959,2356.3230197161,759.47601461924,51.9299839055891,0,214.211183610555
"72",80,2,505.331501939899,0,42.1109584949916,0,16.8443833979966,0,50.5331501939899,1819.19340698364,328.465476260934,1254.90656315075,0,0,0,4994.359677506,25.2665750969949,117.910683785976,0,918.018895190816,8363.23635710532,210.554792474958,2231.88080023455,25.2665750969949,918.018895190816,210.554792474958,0,0,58.9553418929882
"73",81,2,653.003580261483,251.155223177493,12.5577611588747,62.7888057943733,100.462089270997,12.5577611588747,0,2009.24178541995,514.868207513861,1607.39342833596,12.5577611588747,0,0,6015.16759510097,163.250895065371,313.944028971867,0,1481.81581674721,9041.58803438976,288.828506654117,2787.82297727018,12.5577611588747,728.350147214731,301.386267812992,12.5577611588747,0,226.039700859744
"74",82,2,1612.9691443573,827.645974947188,103.455746868398,291.557104810941,75.240543177017,51.7278734341992,37.6202715885085,2671.03928278411,366.797647987958,1683.50715358576,23.5126697428178,0,0,7166.66173761087,1142.71574950095,625.437015158954,0,230.424163479615,12339.4490810308,757.107965718734,3973.64118653621,108.158280816962,738.29782992448,648.949684901772,23.5126697428178,0,324.474842450886
"75",83,2,385.733990126733,257.812003605112,36.4085653946151,118.081833712265,12.792198652162,5.90409168561325,26.5684125852596,1275.28380409246,79.7052377557789,272.572232819145,3.93606112374217,0,0,3287.59505360565,322.757012146858,317.83693574218,0,50.1847793277127,3589.68774485286,273.556248100081,1019.43983104922,12.792198652162,259.780034166983,270.604202257274,11.8081833712265,1.96803056187108,193.851010344302
"76",85,2,166.297024929384,53.644201590124,5.3644201590124,29.5043108745682,8.0466302385186,5.3644201590124,2.6822100795062,474.751184072597,48.2797814311116,474.751184072597,2.6822100795062,0,0,1241.86326681137,75.1018822261736,123.381663657285,0,18.7754705565434,1673.69908961187,198.483545883459,356.733940574324,2.6822100795062,59.0086217491364,96.5595628622231,0,0,26.822100795062
"77",86,2,2317.35837940875,230.872762194354,107.884468315119,45.3114766923498,170.457459937887,19.4192042967213,79.8345065531877,2867.56916781585,502.741622348452,1646.31698648871,15.1038255641166,4.31537873260474,2.15768936630237,8833.58026564191,1247.14445372277,375.437949736612,30.2076511282332,653.779877989618,11692.5186759925,360.334124172496,3683.17574827815,146.722876908561,2218.10466855884,1102.57926618051,43.1537873260474,0,269.711170787796
"78",87,2,632.149270083998,175.650636878302,29.9185150726778,96.5113389441219,22.6801646518686,27.0231749043541,9.16857719969158,1111.32806794156,112.918266564623,397.626716449782,30.4010717673984,0,0,3015.49678530909,536.120487834597,255.755048201923,2.41278347360305,161.173936036684,4047.20299862175,109.540369701578,1675.91940076468,51.1510096403846,519.713560214096,336.342016220265,41.4998757459724,0.482556694720609,129.325194185123
"79",88,2,1966.99076993854,181.933462635066,87.0116560428578,85.693297617966,106.787032416235,76.4647886437235,97.5585234419921,2968.9431728563,391.55245219286,2112.01019667664,69.8729965192646,180.615104210174,0,9194.23165519531,1439.64739998183,1746.82491298161,67.236279669481,748.827585338534,14292.3236842518,135.790917763854,6574.65346493533,79.1015054935071,1781.1022320288,692.138173068187,77.7831470686153,61.9628459699139,348.046624171431
"80",89,2,3347.71011136816,633.076798670227,116.486130955322,309.954400628943,309.954400628943,102.305210665109,122.563668222556,5928.63760418694,824.519222588104,1978.23838048472,167.13227484894,147.886740169365,0,14587.1023642399,4993.70978791075,1621.68952747365,36.4652236034051,598.637420822566,10354.0976576113,224.868878887665,9047.42714515595,384.910693591498,11099.6088957254,10228.4952207551,32.4135320919156,65.8399870617036,625.98633852512
"81",90,2,1265.08709381789,258.916788631123,62.2711263796371,98.3228311257428,163.871385209571,78.6582649005942,49.1614155628714,2916.91065673037,242.529650110165,550.607854304159,127.819680463466,0,0,6387.70659546909,832.466636864622,412.95589072812,0,36.0517047461057,6141.89951765473,104.877686534126,2716.98756677469,104.877686534126,3084.05946964413,1638.71385209571,65.5485540838285,0,419.510746136502
"82",91,2,1697.05180318861,130.366513182953,109.782326890908,22.8713181022724,123.505117752271,20.5841862920452,54.8911634454538,2646.21150443292,182.970544818179,901.129933229533,68.6139543068172,0,0,5825.32472064878,1212.17985942044,276.742949037496,11.4356590511362,89.1981405988624,4606.28346579766,226.426049212497,3167.67755716473,86.9110087886351,4919.62052379879,2488.39940952724,54.8911634454538,0,363.653957826131
"83",92,2,1934.5545112935,737.536582287225,70.9928261025136,280.02725851547,120.293399784815,17.7482065256284,138.041606310443,3669.93470491049,851.913913230163,1640.72309214698,17.7482065256284,9.86011473646022,0,9739.82133667541,991.927542487898,664.571733237419,0,364.824245249028,7844.70728432775,390.460543563825,3768.5358522751,140.013629257735,2993.53083398932,3934.18577984763,41.4124818931329,0,270.16714377901
"84",93,2,1672.75256968756,499.065453134505,109.308583761761,235.179074154092,62.9352451961655,50.7898470004143,46.3733385655956,3012.05875254631,469.25402119948,1417.69920757678,60.7269909787562,3.31238132611397,1.10412710870466,7467.2116361696,1518.1747744689,679.038171853365,1.10412710870466,675.725790527251,11259.8882545701,232.970819936683,4169.18396246879,114.829219305284,1967.5545077117,1568.96462146932,88.3301686963726,1.10412710870466,322.40511574176
"85",94,2,1765.02023242733,551.56882263354,76.5707306714796,286.815787769441,219.329720058984,45.423314805115,50.6145507828424,3993.35827586683,815.024048503207,1749.44652449414,193.373540170347,32.4452248607964,3.89342698329557,9562.25667097393,2368.50141483814,613.863654366269,48.0189327939787,276.433315813986,7185.9684021692,145.354607376368,5971.21918338098,127.185281454322,5658.4472157229,3036.87304697055,67.4860677104566,48.0189327939787,359.493091457625
"86",95,2,2574.36987409665,1038.50643766718,87.5848802851837,419.156212793379,143.889446182802,118.865194672749,162.657634815341,4692.04715813484,688.166916526444,2536.83349683157,278.394798049334,322.187238191926,0,12308.8037115071,7025.55861144724,1557.75965650077,46.9204715813484,547.405501782398,12355.7241830884,312.803143875656,8824.17668873226,512.997155956076,2017.58027799798,2952.86167818619,12.5121257550262,50.048503020105,713.191168036496
"87",96,2,1841.5680614361,1264.88795947975,59.8441615237729,429.789887307096,149.610403809432,57.1239723636014,54.4037832034299,3884.4301207249,818.77693721162,3038.45129191156,163.21134961029,122.408512207717,0,11949.7909806334,3462.80080089831,1319.29174268318,16.321134961029,549.478210354642,14498.6082237141,337.303455861265,7358.11167826389,250.257402735778,2053.74281592948,1694.67784678684,13.6009458008575,68.0047290042874,952.066206060023
"88",97,1,332.527496934154,5.85435734039004,18.7339434892481,3.51261440423403,12.8795861488581,15.2213290850141,7.02522880846805,550.309589996664,24.5883008296382,467.177715763125,21.0756864254042,49.1766016592764,0,1606.43565420303,428.538957316551,233.003422147524,91.3279745100847,93.6697174462407,1854.66040543557,50.3474731273544,1566.62602428838,7.02522880846805,57.3727019358224,55.0309589996664,3.51261440423403,10.5378432127021,79.6192598293046
"89",98,1,20.469149317681,0,2.0469149317681,0,6.1407447953043,0,0,49.1259583624344,2.0469149317681,4.0938298635362,0,0,0,259.958196334549,16.3753194541448,0,0,0,286.568090447534,0,137.143300428463,0,16.3753194541448,26.6098941129853,0,0,36.8444687718258
"90",99,1,857.121997145364,270.865393037279,51.9467877057796,96.472605739305,83.4859088128601,31.5391211070805,40.8153331973983,1862.66338773581,153.985120699275,582.546119271957,5.56572725419067,70.4992118864152,0,5556.45104210036,1165.09223854391,413.719059228173,122.445999592195,231.905302257945,2317.19778016138,124.301242010258,3682.65619985616,408.153331973983,1575.10081293596,2215.15944716789,25.9733938528898,29.6838786890169,153.985120699275
"91",100,2,1327.99264877269,19.529303658422,74.8623306906176,0,328.743278250103,0,188.783268698079,4501.50449326627,201.80280447036,179.018616868868,0,0,0,13524.0427834572,1142.46426401769,0,0,732.348887190824,846.269825198286,100.90140223518,4319.23099245433,188.783268698079,4026.291437578,4553.58263635539,0,0,595.64376158187
"92",101,2,1276.27524653202,0,33.6904956382676,0,358.704688854496,0,118.907631664474,4258.87500744924,144.670951858443,202.142973829606,0,0,0,13260.1827244499,552.920487239804,1.98179386107457,0,598.501746044519,1777.66909338389,83.2353421651317,4078.53176609146,130.798394830921,3925.93363878871,3953.67875284376,49.5448465268641,0,441.940031019628
"93",102,1,89.1202078400057,0,0,0,0,0,0,58.2709051261576,0,3.42770030153868,0,0,0,161.101914172318,61.6986054276963,0,0,6.85540060307736,339.34232985233,17.1385015076934,99.4033087446218,0,27.4216024123095,65.126305729235,3.42770030153868,0,3.42770030153868
"94",103,2,1228.541834167,255.357833346973,77.6664377921668,112.969364061334,245.943719675195,1.17676420897222,155.332875584334,4223.40674600131,291.837523825112,947.295188222641,244.766955466223,1.17676420897222,0,11175.7296926092,1400.34940867695,293.014288034084,0,475.412740424779,2664.19416911312,103.555250389556,5029.49022914729,593.089161322001,3486.7523511847,4449.34547412398,1.17676420897222,0,344.791913228862
"95",104,2,637.631318521732,136.892599456643,28.8194946224512,75.6511733839343,129.68772580103,3.6024368278064,73.8499549700311,2997.22744073492,205.338899184965,525.955776859734,124.284070559321,0,0,8258.58642774616,878.994585984761,111.675541661998,7.20487365561279,181.923059804223,1244.64192400711,34.2231498641608,3065.67374046324,63.0426444866119,2292.95104089877,2723.44224182164,10.8073104834192,0,273.785198913286
"96",105,2,1541.43229054822,79.7980478282082,82.4579827558151,19.949511957052,248.703915731249,0,163.585998047827,4509.91966975757,301.902614283388,474.798384577839,0,0,0,12570.8524678704,2096.02872295427,19.949511957052,0,549.276562550833,1407.10557670407,156.936160728809,4565.77830323731,351.111410444116,5443.5568293476,5330.50959492431,9.30977224662429,0,651.6840572637
"97",106,2,2562.96460525565,192.603738936622,122.045933583602,81.9996116264828,430.974702967096,9.53483856121893,272.696382850861,6153.7848074107,200.231609785598,871.48424449541,57.2090313673136,0,0,16182.5280061008,3300.96110989399,55.3020636550698,0,1001.15804892799,2751.75440876778,80.092643914239,6148.06390427397,308.928769383493,6346.38854634732,6109.92455002909,13.3487739857065,0,648.369022162887
"98",107,2,1763.55611484927,608.88431156692,93.0678092809541,372.271237123817,121.461378214127,20.5064664517357,156.164629132448,3711.67042776415,399.087385560702,1440.18491311036,200.332403028494,15.7742049628736,0,7965.97350625116,2799.92138091006,342.300247694357,3.15484099257472,228.725971961667,5569.87177239066,135.658162680713,6147.20767403184,571.026219656024,4807.97767268387,4910.51000494255,89.9129682883794,4.73226148886207,429.058374990161
"99",108,2,1869.24634350015,640.994126005186,145.854950827527,201.510129432768,213.024993971783,30.7063054373742,174.642112175066,5364.0077310913,355.041656619639,1554.50671276707,470.190302009792,113.229501300317,1.91914408983589,13378.353450246,5068.45954125658,1471.98351690413,5.75743226950766,426.049987943567,9346.23171750077,143.935806737692,8116.06035591597,731.193898227473,5220.07192435361,5962.7806871201,53.7360345154048,82.5231958629432,886.64456950418
"100",109,2,1824.31687233302,144.224773540891,75.9077755478374,63.2564796231978,182.17866131481,5.06051836985582,245.435140938007,4025.64236322031,230.25358582844,382.069136924115,0,0,0,10250.079958143,3011.00843006422,58.195961253342,0,308.691620561205,2173.49263985308,68.3169979930536,4076.24754691887,361.827063444691,5566.57020684141,6054.91022953249,45.5446653287024,0,490.870281876015
"101",110,2,1355.60157914849,342.511205690486,115.545948907634,121.735910456257,103.166025810387,4.1266410324155,144.432436134542,2744.21628655631,394.09421859568,1093.55987359011,20.6332051620775,2.06332051620775,0,6421.05344643852,751.048667899621,272.358308139423,0,583.919706086793,7077.18937059258,107.292666842803,3777.93986517639,538.526654730223,2921.66185095017,3257.98309509204,68.0895770348557,4.1266410324155,290.928192785293
"102",111,2,1640.97816639566,671.070943446149,104.854834913461,167.767735861537,157.282252370191,5.24274174567304,188.738702844229,3743.31760641055,146.796768878845,167.767735861537,10.4854834913461,5.24274174567304,0,10931.1165397283,948.93625596682,47.1846757110574,0,162.524994115864,3313.41278326536,136.311285387499,3827.20147434132,414.17659790817,4047.39662765959,4739.43853808843,10.4854834913461,0,2086.61121477787
"103",112,2,1495.93897975979,415.238035068948,98.7373829317044,194.769632084458,254.282575221376,17.5833695631802,89.2694147053765,3925.14911325762,159.602892958097,646.526973169242,193.417065194983,0,0,10839.4710522559,3657.34086914149,509.917717332227,4.05770066842621,419.295735737375,6102.78180531301,179.891396300229,5540.11397929125,288.096747458261,3995.48259151034,4652.83009979538,21.6410702316064,0,654.642374506095
"104",113,2,527.494751878515,9.41954914068777,28.2586474220633,0,58.8721821292986,0,49.4526329886108,2338.40307417574,60.0496257718846,115.389476973425,0,0,0,5858.95956550779,965.503786920497,22.3714292091335,0,125.986469756699,1505.95041886746,71.8240621977443,2445.55044565106,146.00301168066,2354.88728517194,2107.62412022889,56.5172948441266,0,263.747375939258
"105",114,2,703.287312790531,231.601250171067,45.8112362975738,117.073159427133,87.3806914564833,1.6967124554657,62.7783608522307,2601.06019422891,107.741240922072,167.126176863371,43.2661676143752,0,0,6951.43093004295,1555.88532166204,70.4135669018264,0,179.851520279364,1570.3073775335,97.5609661892775,2966.70172838177,536.16113592716,2542.52361451534,4183.24455895067,0,0,453.870581837073
"106",115,2,1099.00681051433,82.7402836066435,72.847423610197,24.2824745367323,131.305232680108,4.49675454383932,113.318214504751,3757.48809683214,189.763041750019,439.782594387486,28.7792290805717,0,0,9381.12932935759,1771.72129027269,83.6396345154114,0,349.847503510699,1496.51991218973,166.379918122055,4406.81945296253,319.269572612592,3586.61142416624,5467.15417439985,4.49675454383932,0,316.571519886288
"107",116,2,1840.5952669521,28.0090584101406,96.0310574061964,4.00129405859152,400.129405859152,16.0051762343661,144.046586109295,8146.63470329232,52.0168227616897,184.05952669521,0,0,0,15909.1451769599,3113.0067775842,12.0038821757745,0,208.067291046759,688.222578077741,180.058232636618,6610.13778479318,476.15399297239,6314.04202445741,12416.0154638095,0,0,464.150110796616
"108",117,2,456.925440124173,3.85591088712382,32.7752425405525,1.92795544356191,142.668702823581,0,28.9193316534287,3703.60240708243,9.63977721780955,25.0634207663048,0,0,0,8261.28907566279,705.631692343659,3.85591088712382,0,11.5677326613715,161.9482572592,57.8386633068573,3431.7606895402,92.5418612909717,3223.54150163551,5646.98149419284,0,0,867.57994960286
"109",118,2,971.270679423267,6.16679796459217,61.6679796459217,0,212.75452977843,0,52.4177826990335,5873.87506127404,27.7505908406648,67.8347776105139,0,0,0,13076.6950839177,1338.1951583165,6.16679796459217,0,95.5853684511787,493.343837167374,92.5019694688826,5658.03713251332,52.4177826990335,5358.9474312306,7307.65558804172,0,0,1433.78052676768
"110",119,3,112.92680756987,85.5506117953559,7.69955506158203,24.8096774206532,8.55506117953559,4.2775305897678,3.42202447181424,166.823693000944,10.2660734154427,59.0299221387956,16.2546162411176,2.56651835386068,0,455.129254751294,180.511790888201,60.7409343747027,1.71101223590712,8.55506117953559,418.342491679291,4.2775305897678,608.264849864981,22.2431590667925,29.087208010421,47.9083426053993,0.855506117953559,0.855506117953559,122.337374867359
"111",120,2,1428.51675664699,664.729512673325,95.1475576963779,297.173193901016,36.4949536369669,26.0678240264049,53.4390392541301,2673.25535390782,495.288656501693,977.543400990184,109.484860910901,5.21356480528098,0,7082.62778797421,754.663505564422,912.373840924172,1.30339120132025,550.031086957144,9806.71539873353,228.093460231043,3528.27998197391,465.310658871328,1369.86415258758,802.888980013271,121.215381722783,1.30339120132025,205.935809808599
"112",121,1,1437.3333095012,11.2997901690346,140.117398096029,0,54.2389928113661,0,185.316558772168,1737.90772799752,137.857440062222,488.150935302295,11.2997901690346,0,0,3421.57646318368,1543.55133709013,76.8385731494353,0,151.417188265064,4594.49468272947,40.6792446085246,3925.54710472262,108.477985622732,4569.63514435759,1778.58697260605,454.251564795191,0,528.83017991082
"113",122,2,2653.39388580208,331.888081138365,337.020371052876,148.836407520813,186.473200227226,44.4798459257602,193.316253446573,4071.6166655119,343.863424272223,1394.2720934421,106.06732489989,8.55381652418466,0,10972.8358372241,1529.42239452422,1171.8728638133,0,867.356995552325,8810.4310199102,403.740139941516,7725.80708464359,408.872429856027,5761.85081069079,3731.17476784935,424.269299599559,1.71076330483693,511.518228146243
"114",123,2,1031.5851178293,850.970888445045,31.2601550857363,329.968303682772,52.1002584762272,13.8934022603273,65.9936607365545,2024.9633794427,305.6548497272,910.017848051436,131.987321473109,10.4200516952454,0,6533.37241291889,1820.03569610287,375.121861028836,0,208.401033904909,4261.80114335539,201.454332774745,4887.00424507011,229.2411372954,1469.22728902961,2719.63349245906,45.1535573460636,27.7868045206545,204.927683339827
"115",124,2,3105.05657386375,668.588794533566,260.424099743412,363.091292911487,215.350697864744,32.5530124679264,340.554591972154,4895.47225959971,636.03578206564,1277.07971989558,232.879243039781,37.5611682322228,2.50407788214819,13679.7774701756,3345.44805054998,688.621417590752,0,1692.75664833218,7119.0934189473,267.936333389856,6963.84059025411,1407.29176976728,4857.91109136748,7497.20917915168,20.0326230571855,50.0815576429638,192.81399692541
"116",125,2,2277.22111997797,301.333607558522,49.5048069560429,92.5524651786889,275.505012624934,53.8095727783075,193.714462001907,4128.27042355175,731.810189784982,1691.77296814999,126.990591756806,32.2857436669845,0,12023.210941585,3835.54634763776,570.381471450059,88.2476993564243,740.419721429511,3770.97486030379,122.685825934541,6840.27289157845,236.762120224553,3775.27962612605,3994.82268306155,8.6095316445292,6.4571487333969,350.838414514565
"117",126,1,601.56040217089,171.874400620254,9.54857781223635,85.9372003101271,152.777244995782,0,9.54857781223635,1995.6527627574,66.8400446856544,697.046180293254,76.3886224978908,0,0,4296.86001550636,1374.99520496203,248.263023118145,0,19.0971556244727,3141.48210022576,181.422978432491,3599.8138352131,47.7428890611817,1432.28667183545,2950.51054398103,0,0,763.886224978908
"118",127,1,111.799431435772,5.11083115134957,6.38853893918697,0,3.19426946959348,7.02739283310566,3.19426946959348,177.601382509398,5.11083115134957,108.605161966178,9.58280840878045,0,0,571.774235057234,174.407113039804,78.5790289519997,44.7197725743088,4.47197725743088,1315.4001675786,19.8044707114796,761.513841551087,6.38853893918697,77.3013211641623,25.5541557567479,1.27770778783739,0.638853893918697,28.7484252263414
"119",128,2,1604.80350829113,593.961758241086,77.4732728140547,184.460173366797,180.770969899461,18.4460173366797,147.568138693438,3169.02577844157,531.245299296375,1239.57236502488,121.743714422086,7.37840693467188,0,9503.38813185738,855.895204421938,383.677160602938,66.4056624120469,368.920346733594,4043.36700020019,309.893091256219,6153.59138351635,44.2704416080313,2604.57764793917,2058.57553477345,44.2704416080313,11.0676104020078,553.380520100391
"120",129,2,3070.51174168806,109.115555852454,146.214844842289,37.0992889898344,523.75466809178,56.7400890432762,233.507289524252,5634.72730422073,1016.95698054487,2177.94649481499,281.518134099332,37.0992889898344,0,16057.4451992472,3247.27894216904,628.505601710136,176.767200480976,927.482224745861,6745.52366279872,135.303289257043,7262.73139753935,124.391733671798,3749.21049909033,3978.35316638048,52.375466809178,30.5523556386872,432.097601175719
"121",130,2,1819.49520284804,505.415334124457,84.7793463692637,277.16324774567,215.209110014285,39.1289290935063,123.90827546277,4154.18797209392,495.63310185108,1118.43522325606,404.332267299565,65.2148818225105,0,11790.8506335099,3339.00194931254,570.630215946967,19.5644645467532,974.962483246533,8311.63668827897,94.5615786426403,5928.03275766621,179.340925011904,2403.16839515951,2034.70431286233,52.1719054580084,101.083066824891,1004.30918006666
"122",131,2,2423.50145452642,435.796437307029,80.8491128035665,141.978929801385,199.164887638054,90.7087607064404,128.175422737361,3908.36442869924,457.487662693352,1402.04193178868,214.940324282652,31.5508732891967,1.97192958057479,10983.6477638016,4160.77141501281,1043.15074812406,153.810507284834,224.799972185526,7380.93242009145,143.95085938196,7726.02009669203,240.575408830125,3046.63120198805,2569.42424348895,21.6912253863227,70.9894649006925,248.463127152424
"123",132,1,403.132730983597,291.740792159182,5.30437803925785,95.4788047066414,15.9131341177736,10.6087560785157,10.6087560785157,811.569840006451,84.8700486281256,657.742876867974,10.6087560785157,0,0,2588.53648315783,212.175121570314,196.261987452541,0,26.5218901962893,3951.7616392471,175.044475295509,1310.18137569669,0,450.872133336917,90.1744266673835,0,0,270.52328000215
"124",133,2,796.094846986221,388.722021463062,29.4486379896259,131.537249686996,70.6767311751023,8.83459139688778,36.319986853872,1899.43715033087,318.04529028796,837.322940171698,73.6215949740648,39.2648506528346,0,5724.81522518328,1463.59730808441,311.173941423714,0,349.457170810228,7552.59402307273,116.812930692183,2602.27797701661,34.3567443212303,774.499179127162,768.609451529237,23.5589103917008,28.4670167233051,425.042008316934
"125",134,2,1998.17811641228,784.24735095279,70.6123093769754,300.477912242448,178.784357784257,33.0525703466693,115.683996213343,3447.98404298209,584.429539311562,1505.39434033467,54.0860242036407,31.5501807854571,0,9727.97240884926,1619.5759469868,509.31006125095,30.0477912242448,820.304700421884,9245.70535970013,118.688775335767,4417.02530996399,105.167269284857,2650.21518597839,1871.97739327045,33.0525703466693,9.01433736727345,262.918173212142
"126",135,2,1789.47779399317,396.24151152706,68.7031653050951,153.383810913701,174.154535308264,20.7707243945636,84.6806456086056,2952.63836008874,448.967196528645,905.923133209045,59.1166771229888,12.7819842428084,0,7086.0125146069,1436.37547928559,349.90681864688,3.1954960607021,431.391968194783,6095.40873578925,60.7144251533398,3743.52363511251,172.556787277913,3548.59837540968,2107.42965203303,38.3459527284252,20.7707243945636,190.132015611775
"127",136,2,2034.04270435102,579.103922885821,72.9862382149485,239.299141688356,159.133929222757,28.7158970026027,94.5231609669005,3591.88011674222,369.71717390851,1036.16528351058,135.204015053921,11.9649570844178,0,8644.68149349185,1632.02014631459,877.031354287824,0,343.394268322791,7715.00432803259,204.600766143544,4253.54224351052,150.758459263664,4538.30822211967,2040.02518289323,32.305384127928,1.19649570844178,508.510676087756
"128",137,2,2265.82433098405,2140.38076940708,66.6418920877661,760.50159206039,156.804451971214,137.203895474813,54.881558189925,5468.5552624961,736.980924264707,3159.60970721997,196.005564964018,360.650239533793,0,15296.274289792,5778.24405513925,2940.08347446027,0,419.451909022998,11376.1629905116,497.854135008606,7832.38237596216,305.768681343868,3092.9678151322,3708.42528911922,58.8016694892054,172.484897168336,462.573133315082
"129",138,2,2347.29441528731,1527.83330411141,126.958763703309,577.085289560495,125.516050479408,60.593955403852,132.729616598914,3823.19004333828,777.622427682767,1853.88649271309,96.6617860013829,188.995432331062,0,11297.8872563706,2850.80133042885,1511.9634586485,0,604.496840814619,10028.2996193375,302.96977701926,6018.99957011596,183.224579435457,1797.62067698094,1223.42081386825,64.9220950755557,106.760778568692,780.507854130569
"130",139,2,986.916793965098,596.29305542419,50.3076026908746,247.09910733459,34.0316135850034,109.493017621315,16.2759891058712,2071.48952256542,335.877229730251,1207.38246458099,295.927074652203,110.972652994576,0,5258.62411656965,2675.18075485592,874.464505597261,8.8778122395661,26.6334367186983,7173.27228956941,149.443172699363,4356.04653888043,62.1446856769627,519.352016014617,427.614622872434,10.3574476128271,54.7465088106576,119.850465234142
"131",140,2,2608.86035549495,151.761959737933,195.122519663057,46.9739399188841,187.895759675536,48.7806299157642,112.01477980657,2581.76000554174,628.728118914294,1709.12873704863,140.921819756652,70.4609098783261,0,9028.02991441014,2260.16918609708,628.728118914294,56.0073899032848,1694.67521707359,8498.66974532426,65.0408398876856,4433.6172523439,86.7211198502475,1983.74561657441,1387.53791760396,63.2341498908055,57.814079900165,301.717229478986
"132",141,2,2549.68191671157,679.611101234391,104.906411599939,250.863158173768,123.151004921668,43.3309091391054,139.115024078181,3699.09129598047,583.826986295315,1673.9414372686,127.7121532521,82.1006699477787,2.28057416521608,11231.8277636892,1616.9270831382,1133.44536011239,13.6834449912965,415.064498069326,14230.7827909483,166.481914060774,6337.71560513547,79.8200957825626,1737.79751389465,953.28000106032,36.4891866434572,45.6114833043215,821.006699477787
"133",142,2,2378.57593498625,1403.47253035918,95.8194097032375,636.917252733284,118.365153162823,28.1821793244816,67.6372303787559,3624.22826112833,631.280816868388,1848.75096368599,50.7279227840669,0,0,12022.5176998239,3038.03893117912,1082.19568606009,0,603.098637543906,11182.6887559543,360.731895353365,2964.76526493547,62.0007945138595,1781.11373330724,2677.30703582575,146.547332487304,0,496.006356110876
"134",143,2,3015.1827098449,303.754500435549,177.034831542191,145.354914318852,162.126635201796,72.6774571594258,78.2680307870739,4282.37939877847,635.461869009338,1703.26143189013,216.168846935728,171.444257914543,0,13775.173418525,3915.26506389625,1665.99094103914,109.947948010413,503.151626488332,17518.9942245067,80.1315553296233,7381.42071303809,232.940567818672,3715.86793784346,2379.72084083556,9.3176227127469,80.1315553296233,532.968019169122
"135",144,2,3710.53927775771,794.796620265791,227.722627154805,384.002861476731,156.280234321925,109.396164025348,154.047659545898,4328.96249071733,776.936022057571,3060.86001793371,274.606697451383,241.11807581097,0,14737.2260965575,3848.95891387142,2243.73764990764,125.02418745754,1109.58966368567,18186.55412552,236.652926258915,9486.21022334086,538.050521022628,2533.97237079122,2033.87562096106,11.1628738801375,75.9075423849351,433.119506549336
"136",145,2,2743.53923526453,487.096697239863,236.965960819393,252.763691540686,113.217070169266,26.3295512021548,123.748890650127,2833.05970935185,513.426248442018,1695.62309741877,150.078441852282,129.014800890558,0,9041.56788281995,3164.812054499,1050.54909296598,44.7602370436631,1379.66848299291,12035.2378545049,186.939813535299,4834.10560071562,263.295512021548,2243.27776242359,1735.117424222,39.4943268032322,68.4568331256024,410.740998753615
"137",146,2,3143.74037854643,925.633191512315,110.905359351706,407.363916080305,130.10051770104,53.3198843037048,117.303745468151,3551.10429462674,850.985353487128,2501.76897152983,179.154811260448,200.48276498193,2.13279537214819,11261.1595649424,3789.97737630734,1326.59872147617,78.9134287694831,712.353654297496,14441.1574648154,234.607490936301,8729.53145820255,486.277344849788,2591.34637716005,2488.97219929694,57.5854750480012,81.0462241416313,196.217174237634
"138",147,2,2210.00449571265,479.913110156847,96.1675596460734,213.602944983105,129.456330292791,50.8578440435965,98.0169357931133,3680.25853260935,586.25223861164,1686.63104610036,27.7406422055981,1.84937614703987,0,9416.09865265352,3201.27011052602,429.979954186771,165.519165160069,699.064183581072,13115.7756348068,256.138596365023,4734.40293642208,141.47727524855,2517.92562419479,1595.08692682189,146.10071561615,0.924688073519937,532.620330347484
"139",148,2,2736.22108239748,503.872879975293,119.590082272617,253.530974417948,157.858908599855,31.8906886060312,74.9431182241734,3702.50894716022,550.114378454039,1599.31803359247,105.239272399903,17.5398787333172,0,10598.8703582145,3149.20549984558,714.351424775099,87.6993936665858,524.601827569214,11628.9396001893,228.018423533123,5376.77009897686,95.6720658180937,1982.00629686484,1527.5639842289,23.9180164545234,4.78360329090468,440.091502763231
"140",149,2,4155.45818622308,1739.2381282735,170.621461950882,935.666081666125,187.133216333225,60.5430994019257,99.0705262940603,6555.16648979032,1309.93251433258,4078.40333243882,55.0391812744779,5.50391812744779,0,18812.3921596166,5388.33584677139,2074.97713404782,27.519590637239,698.99760218587,18322.5434462737,605.430994019257,8806.26900391647,445.817368323271,3021.65105196884,3962.82105176241,33.0235087646868,60.5430994019257,561.399648999675
"141",150,2,2496.38599016761,612.885183214802,29.8968382056001,216.752076990601,231.700496093401,97.1647241682003,0,5231.94668598002,269.071543850401,2810.30279132641,254.123124747601,22.4226286542001,0,13722.6487363704,5912.09975515742,837.111469756803,209.277867439201,590.462554560602,13020.0730385388,597.936764112002,9268.01984373603,186.855238785001,3094.32275427961,2145.09814125181,7.47420955140002,0,777.317793345602
"142",151,2,1717.18948746106,1169.84738371365,50.1087841458895,697.668456185077,50.1087841458895,121.417438507348,32.763435787697,2071.80549833966,688.032151541636,1547.59052573651,273.671051873704,34.690696716385,0,7223.37396072284,4561.82661820463,1480.13639323243,1.92726092868806,13.4908265008164,5641.09273826994,503.015102387583,4554.11757448988,123.344699436036,595.52362696461,439.415491740877,0,1.92726092868806,701.522978042453
"143",152,2,4334.33025874784,1855.43251582761,102.248297243188,860.382013387804,204.496594486377,187.039568127783,67.3342445260021,5922.91965737981,1246.93045418522,3773.21155436449,139.656210868745,84.7912708845952,0,19030.6525917749,6075.04517279041,2770.67946919957,124.693045418522,264.349256287267,17481.9649676768,423.956354422976,10985.4573013718,94.766714518077,3349.25519994151,1865.40795946109,54.8649399841498,14.9631654502227,865.369735204545
"144",153,2,3858.4889446984,838.28496333201,130.796235413505,410.224556524175,335.908513675592,89.1792514182989,35.6717005673196,6560.62026267286,704.516086204561,3620.67760758294,74.3160428485824,26.7537754254897,0,17318.6106254336,5362.64565195371,1102.85007587296,353.744363959252,211.057561689974,14898.8802702838,532.10286679585,8293.6703819018,496.431166228531,7722.92317282468,5089.16261427092,62.4254759928092,0,561.829283935283
"145",154,2,816.636462891883,173.28177767909,42.3987328363731,84.7974656727463,138.256737509912,9.21711583399416,36.8684633359767,2766.97817336505,92.1711583399416,886.686543230238,12.9039621675918,0,0,6887.02895116044,1423.1226847687,232.271319016653,0,223.054203182659,4276.74174697329,221.21078001586,2248.97626349458,60.8329645043615,2160.49195148823,1662.76769645255,20.2776548347872,0,398.179404028548
"146",155,1,1548.63912628124,307.483420725406,120.075642400067,121.197844665488,103.242608418749,19.0774385121602,62.8433268635866,2010.98645963477,351.249309076832,827.063069615417,25.8106521046874,25.8106521046874,0,4890.55747270554,3688.67884643945,401.748411020786,0,806.863428837835,5486.44687564419,173.941351140284,2126.57329297315,98.7537993570647,1722.58047742153,975.193768651014,8.97761812336952,1.12220226542119,245.76229612724
"147",156,2,888.221825236345,402.371165191652,23.3742585588512,192.002838161992,153.602270529593,3.3391797941216,1.6695898970608,3946.91051665173,360.631417765132,454.128452000537,3.3391797941216,13.3567191764864,0,10890.7348985276,1270.55791166327,671.175138618441,0,217.046686617904,10999.2582418365,103.514573617769,3524.50427269534,31.7222080441552,3903.50117932815,901.578544412831,56.7660565000671,0,547.625486235942
"148",158,1,638.871785219901,422.850390217488,39.067699096181,98.8182977138696,18.3847995746734,16.0866996278392,6.89429984050253,1303.02266985498,156.270796384724,1351.2827687385,4.59619989366835,66.6448984581911,0,4364.0917990381,1443.20676661186,1293.83027006764,2.29809994683418,4.59619989366835,2959.95273152242,560.736387027539,2615.23773949729,16.0866996278392,32.1733992556785,144.780296650553,0,4.59619989366835,50.5581988303519
"149",163,2,3345.93239132018,553.906454697543,109.656607782762,182.76101297127,177.137597187539,109.656607782762,36.5522025942541,4150.08084839377,365.522025942541,1788.24621922659,151.832226160748,182.76101297127,0,11629.2238407565,10898.1797888715,1251.21001188024,11.2468315674628,582.0235336162,13625.5364439812,343.028362807615,8972.15988294345,1023.46167263911,3500.5763253728,4268.17257985213,16.8702473511942,188.384428755002,151.832226160748
"150",164,2,2971.60452502158,531.047196486746,109.222473036281,241.042699114551,90.3910121679567,52.7280904313081,56.4943826049729,3434.85846238235,293.770789545859,2063.92811116834,222.211238246227,237.276406940886,0,10425.0967367043,4331.23599971459,930.274166895221,256.107867809211,18.8314608683243,14466.3282390467,278.7056208512,10067.2989802062,1050.7955164525,2022.49889725803,2666.53485895472,3.76629217366486,207.146069551567,169.483147814919
"151",165,2,2378.13610218519,511.985619503207,92.7510180259433,166.951832446698,170.661873167736,77.9108551417923,14.8401628841509,2990.29282115641,218.892402541226,1721.45889456151,185.502036051887,33.3903664893396,0,9523.67453090385,4711.75171571792,575.056311760848,181.791995330849,89.0409773049055,8900.38768976952,129.851425236321,6039.94629384943,467.465130850754,2066.49268161802,2218.60435118056,22.2602443262264,70.4907736997169,552.796067434622
"152",166,2,2234.86459016167,347.512456379026,41.9411585285032,125.82347558551,155.781445963012,59.9159407550046,11.9831881510009,2792.08283918321,551.226654946042,1947.26807453765,107.848693359008,17.9747822265014,0,8178.52591305812,2480.51994725719,407.428397134031,197.722604491515,95.8655052080073,9047.30705400569,107.848693359008,5176.73728123239,287.596515624022,2246.84777831267,1503.89011295061,11.9831881510009,0,257.63854524652
"153",167,2,3657.32460511597,1889.94268436496,162.950106168533,880.209120500112,175.484729719959,186.626617321226,123.953499564098,5706.03918779899,831.463362244568,2820.29029907077,352.362195390077,339.827571838651,0,16296.4033528035,9263.08680450355,2813.32661931998,94.7060446107716,412.249841246888,13441.2946549788,360.718611091027,12983.0845273767,743.720997384588,4806.33176399666,5726.93022705136,33.4256628038017,201.946712772969,300.830965234216
"154",168,2,2711.63452382677,1017.99405093608,78.423245405446,399.656923700831,206.615088856656,107.077892765128,34.6872046985627,5735.4538899406,571.584807858924,3783.92159081277,422.279013721632,369.494137006428,0,17060.0721543539,5453.43183434794,2652.81708977268,205.106949521936,464.506915093796,18424.9382522756,265.43252291074,14491.7108673256,168.911605488653,4277.08315326625,2854.90776062518,152.322072806732,286.546473596822,776.691757380859
"155",169,2,3300.86011722582,864.854179185805,139.337617757713,393.989126073533,418.012853273139,67.2664361588959,67.2664361588959,6976.49037876549,1037.82501502297,3565.12111642148,360.355907994085,586.178943670379,0,19199.7627779249,10469.5403135882,2315.88730204199,153.751854077476,629.421652629669,13414.8492682598,187.385072156924,15346.3569351081,43.2427089592902,4357.90411400847,2508.07711963883,43.2427089592902,264.260999195663,475.669798552193
"156",170,1,844.748945299822,284.975547811988,44.5274293456232,179.381929649511,12.7221226701781,55.9773397487834,1.2722122670178,1292.56766329009,128.493438968798,692.083473257686,256.986877937597,95.4159200263354,0,4237.73906143631,945.253714394229,882.915313310357,124.676802167745,2.54442453403561,4511.26469884514,81.4215850891395,4529.07567058339,72.5160992200149,242.992543000401,267.164576073739,2.54442453403561,89.0548586912464,142.487773905994
"157",171,2,3147.15139467293,982.945915048531,103.46799105774,359.263857839375,362.13796870209,80.4751041560201,215.558314703625,6768.53108169383,1221.49711665388,1802.06751092231,109.21621278317,278.788753683355,0,14580.3644065532,10162.8560105603,1839.4309521376,0,824.869817599206,7153.66193729764,181.068984351045,9438.58007315607,465.60595975983,14672.3359541601,8590.71736865514,17.24466517629,158.076097449325,514.465844425985
"158",172,2,2060.29586536226,567.479747799635,85.3465583761984,221.601590169778,175.18504087746,34.4380849588169,125.773875501766,3657.92354584303,618.388221217017,1546.71920706339,53.9030895007569,16.4703884585646,0,11114.5175934477,2103.71779857121,1340.09069731048,1.49730804168769,1343.08531339386,9666.62071713574,296.466992254163,4291.28484747693,185.666197169274,2874.83144004037,1763.8288731081,38.93000908388,1.49730804168769,353.364697838295
"159",173,2,2851.64670942739,743.248344478417,97.5107157478973,353.205481486828,368.373815047612,47.6719054767498,143.015716430249,7139.95129754048,1579.67359511594,3581.89362513943,164.684764374226,348.871671898032,13.0014287663863,15101.1595121577,6901.59177015673,1839.70217044366,515.723341066657,1640.34692935907,12097.8294671225,132.181192458261,17281.0657353218,390.042862991589,15196.5033231112,7495.3236838217,21.6690479439772,236.192622589351,366.206910253214
"160",174,2,2695.48858204871,450.335864797484,78.3192808343451,287.170696392599,659.187280355738,0,332.856943545967,7061.78848856345,1142.1561788342,1905.76916696906,71.7926740981497,0,0,16851.6985928566,1775.23703224516,91.372494306736,0,1566.3856166869,4007.33653602399,110.952314515322,7903.72075753266,52.2128538895634,10710.1616540967,7042.20866835486,6.52660673619543,0,509.075325423243
"161",175,2,3566.03969745684,686.195787842947,156.844751506959,265.764717831236,339.830294931745,108.919966324277,172.093546792358,5709.58463471861,666.590193904577,2596.65199717077,239.62392591341,104.563167671306,4.35679865297109,16932.6979647721,1943.13219922511,2378.81206452221,117.633563630219,1076.12926728386,12726.2088653286,435.679865297109,9155.81236921874,224.375130628011,6927.30985822403,4807.7273135536,178.628744771815,76.2439764269941,692.730985822403
"162",176,2,1960.64218340151,316.181356966694,90.5645092819175,114.397274882422,147.763146723129,60.3763395212783,101.686466562153,3956.23908968377,444.878291209419,1795.40167523801,39.721276000841,54.0209353611438,0,10160.7024010151,2653.38123685618,1310.80210802775,69.9094457614802,138.230040482927,6040.8116542079,378.146547528006,6125.02075932968,308.237101766526,5842.2052742037,2782.0781710989,42.8989780809083,52.4320843211101,357.491484007569
"163",177,2,2556.64630550966,453.507105190183,164.396325631441,238.091230224846,56.6883881487729,141.720970371932,28.3441940743865,3684.74522967024,328.792651262883,1434.21622016395,510.195493338956,45.3507105190183,0,12256.0295177647,2227.85365424678,2426.26301276748,96.370259852914,119.045615112423,13934.0058069684,255.097746669478,10646.0792943396,408.156394671165,1524.91764120199,1264.15105571764,28.3441940743865,102.039098667791,277.773101928987
"164",178,2,2685.58151156194,689.659669998496,143.192050126806,356.518981948375,26.3005806355359,108.124609279425,46.7565877965082,2746.94953304486,423.731576905856,2159.56989885122,546.46761987169,46.7565877965082,2.92228673728176,8424.95266358332,2662.20321766369,1601.41313203041,146.114336864088,257.161232880795,12498.6203753541,151.958910338652,9237.34837654765,125.658329703116,829.92943338802,540.623046397126,11.689146949127,64.2903082201988,309.762394151867
"165",179,2,2288.28970552959,717.257473987022,78.0098763248725,385.715499606314,281.702331173151,26.0032921082908,195.024690812181,4271.04072878677,855.941698564573,1646.87516685842,45.5057611895089,45.5057611895089,2.16694100902424,12628.9322005932,5322.00711816352,970.789572042858,4.33388201804847,398.717145660459,4851.78091920526,130.016460541454,5259.16582890182,470.226198958259,6745.68736109244,6008.92741802421,8.66776403609694,30.3371741263393,647.915361698246
"166",180,2,1688.6660268114,566.161284182891,86.7241273459341,191.447601876873,196.356514745511,67.088475871383,75.2699973191126,4367.29614879808,621.795630027452,2375.91382842069,32.7260857909185,60.5432587131993,1.63630428954593,14762.7373002833,3806.04377748382,1490.67320777634,52.3617372654696,669.248454424284,7936.07580429774,283.080642091445,8173.3399262819,355.078030831466,3441.14792091508,4620.9233136777,13.0904343163674,37.6349986595563,625.068238606544
"167",181,2,2446.08358671932,309.150253753883,86.7790185975813,95.818499701496,178.981725857511,92.2027072599301,197.060688065341,3651.95036598155,630.955781053247,2502.12836956359,131.976424117155,70.5079526105348,0,11389.7461909325,3771.27151655322,1552.98285365255,97.626395922279,602.02944152072,6766.95555439056,356.15555549424,7712.48527786004,150.055386324984,3091.50253753883,3507.31866831891,3.61579244156589,47.0053017403565,347.116074390325
"168",182,2,1922.63213448611,267.784444396343,87.2556054774602,126.370187243218,300.881398198139,3.00881398198139,153.449513081051,3875.35240879203,692.027215855719,1335.91340799974,3.00881398198139,0,0,11391.3697357815,1122.28761527906,147.431885117088,0,460.348539243152,3102.08721542281,252.740374486436,4209.33076079196,219.643420684641,4741.89083560266,4997.64002407108,3.00881398198139,0,303.89021218012
"169",183,2,2859.68144796909,591.780423557421,109.85145586994,212.615721038594,375.621107168183,95.6770744673674,279.944032700816,4333.81711383668,1052.44781914104,1963.15182425635,138.200218675086,10.6307860519297,0,11002.8635637473,1360.740614647,439.405823479761,308.292795505962,1002.83748423204,2778.1787549043,357.903130414967,6608.80532894964,209.072125687951,4337.36070918732,4369.25306734311,3.54359535064324,0,435.862228129118
"170",184,2,3007.19828223782,376.553524036735,146.437481569842,196.121627102466,277.185232971486,104.598201121315,196.121627102466,5697.98700608366,847.245429082655,3360.21721102226,91.523425981151,75.8336958129537,0,15475.3038558986,3103.95161827503,977.993180484299,149.052436597874,551.755510914939,4997.17905857084,172.58703185017,8145.58491232244,465.461994989854,9000.67520648919,7293.10957318372,5.22991005606577,128.132796373611,614.514431587728
"171",185,2,1945.53255704854,1125.93385731172,109.550321251951,588.325799316034,103.464192293509,71.0048378484868,139.98096604416,3166.81576804251,659.33063716452,1622.96772225113,135.923546738532,83.1770957653703,0,10386.9934224072,2523.7148081005,1158.39321175674,56.8038702787895,712.077088137682,7173.51733234998,164.325481877927,7029.47894700019,308.363867227714,2282.29835941565,2838.16480428666,40.5741930562782,73.0335475013007,170.411610836368
"172",186,2,1634.76249152102,199.361279453783,79.744511781513,105.376676282714,227.841462232894,19.9361279453783,116.768749394358,2796.75394890878,230.689480510806,467.074997577434,19.9361279453783,5.69603655582236,0,7715.28151486139,1557.86599801742,179.425151508404,25.6321645012006,307.585974014407,1777.16340541658,93.9846031710689,3295.15714754324,51.2643290024012,2836.62620479954,2474.92788350482,19.9361279453783,2.84801827791118,911.365848931578
"173",187,2,1561.11163390648,653.307179711018,104.334131685192,267.173383941521,97.5085342852265,15.6013654856362,117.985326485124,3095.89596355594,363.706832883895,1207.1556544511,20.4767921998976,7.80068274281812,0,8157.56397830205,1706.39934999146,658.182606425279,0.975085342852265,469.991135254792,5791.0318511996,289.600346827123,4693.08575514795,146.26280142784,2975.96046638511,3784.30621560964,112.13481442801,0.975085342852265,330.553931226918
"174",188,2,2519.82448599946,664.170990718707,185.162821654912,285.794789945625,108.68252575397,60.3791809744279,313.971741067025,5365.69654926082,422.654266820995,1718.79401840538,36.2275085846567,8.05055746325705,0,16495.5922422137,3336.95606852005,1123.05276612436,12.0758361948856,1255.8869642681,15742.8651193992,607.817088475907,7752.68683711654,169.061706728398,5059.77536565706,5051.7248081938,92.5814108274561,0,704.423778034992
"175",189,2,2940.78557109532,148.491916871992,184.000853515294,19.3685108963468,142.03574657321,12.9123405975645,335.720855536678,5416.72688067832,358.317451582416,1484.91916871992,22.5965960457379,3.22808514939113,0,15252.7023308731,2798.74982452211,677.897881372137,0,736.003414061178,10617.1720563474,468.072346661714,7624.73712286185,209.825534710423,6155.95837988889,7279.332011877,64.5617029878226,0,1756.07832126877
"176",190,2,2932.22892950423,795.890709436862,161.272591122733,412.606499365952,613.673625960528,12.566695412161,198.972677359216,6601.70398985523,175.933735770254,529.895656546121,50.2667816486439,0,0,18969.426724657,2875.6788001495,519.42341036932,2.09444923536016,335.111877657626,7385.02800387994,240.861662066419,7542.11169653195,247.145009772499,6400.63686326066,8949.58158269398,8.37779694144065,2.09444923536016,1174.98602103705
"177",191,2,1741.55468006401,19.1680546547925,115.008327928755,5.47658704422644,265.614471644982,0,197.157133592152,3184.63536621768,399.79085422853,492.89283398038,0,0,0,7593.28793681996,873.515633554118,41.0744028316983,0,1067.93447362416,3291.42881358009,101.316860318189,3603.594275101,227.278362335397,5629.93148146478,6311.76656847098,52.0275769201512,0,282.044232777662
"178",192,1,1068.82927091682,251.275711615538,59.6931064512033,89.5396596768049,72.5997240622742,19.7632582169524,31.4598804269855,2151.37182304539,297.255536854978,680.017415383302,102.849609088222,6.85664060588146,0.403331800345968,4814.57170072982,1839.59634137796,433.17835357157,3.22665440276774,181.499310155686,4207.55734120914,132.696162313823,3632.40619391579,203.279227374368,2158.22846365127,2224.37487890801,15.7299402134928,2.01665900172984,438.018335175721
"179",193,1,0.368818234738709,0,0,0,0,0,0,5.90109175581934,0,0,0.737636469477417,0,0,11.8021835116387,14.3839111548096,0,0,0,15.8591840937645,0.368818234738709,8.11400116425159,0,2.21290940843225,3.68818234738709,0,0,4.4258188168645
"180",194,2,1475.95503268956,25.6397022295014,53.5089437833073,14.4920056079791,431.415859252915,2.22953932430447,130.428050471812,4182.61577239519,181.707454930814,309.905966078321,2.22953932430447,0,0,12670.4719800223,1341.06790356914,4.45907864860894,0,329.971819997062,934.176976883573,128.198511147507,3663.13310983224,340.004746956432,3498.14719983371,5244.99126042627,0,0,748.01044330415
"181",195,2,1331.44818769032,9.86257916807643,64.1067645924968,1.23282239600955,372.312363594885,0,125.747884392974,3513.54382862723,139.30893074908,271.220927122102,4.93128958403821,0,0,9567.93461543014,887.632125126878,16.0266911481242,0,263.823992746044,885.166480334859,120.816594808936,3082.05599002388,160.266911481242,3413.68521455045,5778.23857009678,3.69846718802866,0,834.620762098468
"182",196,2,1971.74460401539,275.169533462406,162.186016411617,136.673609335632,413.66545758918,3.64462958228353,193.165367861027,4621.39031033551,608.653140241349,1149.88063321045,40.0909254051188,0,0,12151.1950273333,2115.70747251559,98.4049987216553,0,229.611663683862,1944.40988214826,198.632312234452,4699.74984635461,191.343053069885,4444.62577559476,8391.75961320782,3.64462958228353,0,331.661291987801
"183",197,2,1574.92065360667,177.524665194547,73.2899993922442,76.5473326985662,454.397996231914,1.62866665316098,167.752665275581,4648.21462812145,358.306663695416,811.07599327417,37.4593330227026,9.7719999189659,0,13083.0792248422,1969.05798367163,171.009998581903,0,454.397996231914,2333.87931397969,138.436665518684,5649.84461981545,135.179332212362,5138.4432907229,10074.9319164538,0,1.62866665316098,343.648663816967
"184",198,1,1158.63071816685,87.6148391834121,83.0830371566839,40.7862182405539,99.6996445880207,9.06360405345642,77.0406344543796,2185.83917755857,152.570668233183,447.137799970517,33.2332148626736,0,0,5959.3196651476,886.722596563154,63.445228374195,1.51060067557607,706.961116169601,5155.68010574113,75.5300337788035,3028.75435453002,259.823316199084,2095.20313702401,1676.76674988944,43.8074195917061,0,223.568899985258
"185",199,2,2210.06842015888,802.381528337938,96.1919376077645,312.037261020309,138.422544362393,51.6151860334346,138.422544362393,3659.98591873445,267.460509445979,1219.99530624482,70.3843445910472,7.03843445910472,0,10531.8440956404,1588.34004293796,896.227321126001,63.3459101319425,605.305363483006,8101.23806242953,429.344502005388,6029.59218663304,236.960626789859,2601.87460504904,3202.48767889265,46.9228963940315,9.38457927880629,914.996479683613
"186",200,2,1945.57693240164,450.712802872966,39.4373702513845,200.942791280864,351.180392238519,28.1695501795604,127.701960814007,4822.62699074073,386.861822465962,792.503345051632,31.9254902035017,1.87797001197069,0,13669.7437171347,2339.95063491548,369.960092358226,30.0475201915311,266.671741699838,3260.15594078112,199.064821268893,5722.1746264747,161.505421029479,5996.35824822242,5545.64544534945,11.2678200718241,0,768.089734896013
"187",201,3,705.460074589766,502.946299234344,22.2542610280683,220.317184177876,79.0026266496426,14.4652696682444,17.8034088224547,2518.06963532593,250.360436565769,966.947641669569,84.5661919066596,4.45085220561367,0,6321.32284502281,1698.00011644161,448.423359715577,0,92.3551832664836,5843.96894597074,150.216261939461,4650.02784181488,129.074713962796,2471.33568716699,2465.77212190997,102.369600729114,2.22542610280683,449.53607276698
"188",202,2,3453.48738776486,400.006054639432,180.1553986544,106.87184665939,366.417759975052,45.8022199968815,345.043390643174,5468.78506762765,1035.13017192952,2323.69929450845,192.369323986902,15.2674066656272,0,16079.6327002385,2549.65691315974,491.610494633194,122.139253325017,1624.45206922273,6039.7860769221,250.385469316285,7465.76185949168,97.7114026600138,4821.44702500506,5019.92331165821,18.3208879987526,0,589.321897293208
"189",203,2,3178.4044850637,509.716479632335,184.55251848757,275.364075203675,322.234556089407,11.717620221433,275.364075203675,5117.67063171086,615.175061625232,1400.25561646124,2.92940505535825,0,0,13990.838544391,2202.9126016294,298.799315646541,0,647.398517234172,4845.23596156254,275.364075203675,5671.32818717357,372.034442030497,6693.69055149359,7513.9239669939,14.6470252767912,0,667.90435262168
"190",204,2,2097.87931562815,703.885477840611,108.964477886358,224.191282088024,236.71593471864,57.6134021008329,212.919094720469,4714.27925016381,517.268153644435,1818.57956196542,204.151837879038,2.50493052612317,1.25246526306158,13099.5341863611,2988.38211766494,802.830233622476,0,533.550202064235,7889.27869202492,296.834267345596,6594.22961001925,157.81062314576,3916.45887759358,3510.66013236162,25.0493052612317,0,613.707978900177
"191",205,2,3678.13113003261,433.793463304144,211.428746820507,189.556807494248,339.01505955702,80.1971108629509,211.428746820507,4968.57555028191,546.798483156483,1968.47453936334,171.330191389031,87.4877573050374,0,15623.8553253913,5570.05388175405,896.749512376633,14.5812928841729,834.779017618898,9700.20509119602,313.497797009717,7418.23275482296,134.876959178599,4410.8410974623,3178.72184874969,25.5172625473026,0,791.035138966379
"192",206,2,3616.94880153522,283.682258943939,169.421349091519,19.7001568711069,378.243011925252,82.7406588586489,315.20250993771,5744.56574361476,425.523388415908,1477.51176533302,212.761694207954,78.8006274844275,0,14369.2944217854,6477.41157921994,784.066243470054,3.94003137422137,319.142541311931,3376.60688770772,216.701725582176,6954.15537550073,307.322447189267,6792.61408915765,5074.76040999713,0,0,531.904235519886
"193",207,2,2648.28899155999,362.99318528383,169.787135052114,111.239847103109,327.864812514427,52.6925591541044,202.96393155655,4818.4417982031,482.039337446807,1619.80829992247,87.8209319235073,40.9831015643034,0,12312.4946556757,5265.35276288051,720.13164177276,15.6126101197346,193.206050231716,2624.87007638039,241.995456855887,6005.00016730293,171.738711317081,7435.50556952362,5751.29525285725,3.90315252993366,0,971.884979953481
"194",208,2,2860.11534069246,286.4662423905,122.771246738786,109.129997101143,277.372075965405,40.9237489129286,286.4662423905,5429.21735578187,654.779982606858,1927.96328212019,36.376665700381,22.7354160627381,0,13568.4963062421,4760.79612353736,954.887474635001,104.582913888595,850.304560746406,5547.4415193081,372.860823428905,7179.8443926127,672.968315457049,7784.60645988153,6506.87607715565,0,4.54708321254763,550.197068718263
"195",209,2,1688.67701798999,447.825949522206,102.626780098839,55.9782436902758,326.539754859942,37.3188291268505,144.610462866546,4954.0745665894,811.684533508998,1982.56279736393,0,125.95104830312,0,16266.344645666,5607.15407630929,1180.20797113665,41.9836827677068,867.662777199274,6456.15743894514,163.269877429971,7281.8365333767,153.940170148258,5504.52729621045,4053.75781390414,4.66485364085631,0,396.512559472787
"196",210,2,2718.05260524945,108.197510221028,147.542059392311,6.55742486188047,370.494504696246,101.640085359147,252.460857182398,5350.85868729446,832.792957458819,2357.39423784603,3.27871243094023,81.9678107735058,0,17354.2248969667,6255.78331823397,1167.22162541472,6.55742486188047,1619.68394088448,6288.57044254337,193.444033425474,7206.60992320663,200.001458287354,5370.5309618801,3996.75045331614,0,6.55742486188047,603.283087293003
"197",211,2,2292.35941292726,1007.8026576195,41.7742034246426,302.862974828659,422.963809674506,15.665326284241,104.435508561606,4945.02133039207,543.064644520354,1253.22610273928,10.4435508561606,31.3306525684819,0,13466.9588290192,4166.9767916081,1425.54469186593,52.2177542808032,511.733991951872,2762.31920145449,156.65326284241,6521.99750967232,250.645220547856,6177.36033141902,3650.02102422815,0,0,496.068665667631
"198",212,2,3002.52454222923,335.532734382231,135.693385228108,170.233519649808,713.007060562241,4.93430491738575,281.255380290988,7122.66914824634,1583.91187848083,2333.92622592346,22.2043721282359,0,2.46715245869288,20593.3215727094,1194.10179000735,308.39405733661,0,1142.2915883748,2250.0430423279,167.766367191116,6503.41388111442,115.956165558565,8417.9241890601,5370.99090257439,4.93430491738575,0,441.620290106025
"199",213,2,1502.19733090038,449.546460506484,97.9210111994322,213.645842616943,80.1171909813536,37.833117963417,111.273876362991,2599.35775183947,449.546460506484,1134.99353890251,46.7350280724563,11.1273876362991,0,7430.86946352055,1459.91325788244,749.98592668656,64.5388482905349,502.95792116072,4620.09134659139,233.675140362281,3981.37929626782,109.048398835731,2241.05586995064,1820.44061729854,11.1273876362991,2.22547752725982,427.291685233886
"200",214,1,607.633927340676,117.658558874985,35.4587437705434,27.3999383681472,4.83528324143774,46.7410713338982,8.05880540239623,772.033557549559,11.2823275633547,841.339284010167,135.387930760257,12.894088643834,0,2649.73521630788,726.90424729614,665.657326237929,48.3528324143774,0,4443.62529888128,267.552339359555,2604.60590605446,117.658558874985,64.4704432191699,278.83466692291,0,3.22352216095849,53.1881156558152
"201",215,2,2101.63511788227,256.822948174046,76.45874029609,60.7748961327895,166.640844235068,50.9724935307267,117.628831224754,3232.83237816032,321.51880534766,1225.30032525785,66.6563376940272,13.7233636428879,0,9314.24295248009,1337.04771492137,848.88806533864,0,433.266195011177,8249.70202989607,307.795441704773,3989.57785903957,99.9845065410408,2266.31548159692,1976.16436457586,19.6048052041256,0,276.427753378171
"202",216,4,3433.15416082304,736.081893752623,99.4705261827869,383.672029562178,483.142555744965,25.5781353041452,272.833443244215,7988.90425999468,747.449953887798,1511.95199797836,19.8941052365574,22.7361202703513,0,19226.2317036158,1773.4173810874,576.929051860164,11.3680601351756,832.710404901616,4356.80904680606,312.62165371733,8179.31926725887,93.786496115199,13553.5696961632,8057.11262080574,19.8941052365574,8.52604510138173,1216.38243446379
"203",217,4,2764.50192925304,537.793817931192,129.916484106973,235.662459542882,395.792079488686,39.2770765904803,184.300128616869,6100.03212585998,722.093946548061,1268.9517052309,48.3410173421296,9.0639407516493,0,13209.1829887369,2879.31184544059,604.26271677662,33.2344494227141,492.474114172945,4196.60456801363,232.641145958999,8982.36528488446,193.364069368518,13218.2469294886,7003.40488744102,3.0213135838831,3.0213135838831,960.777719674826
"204",218,2,3731.29508898647,531.808832673685,193.385030063158,310.797369744362,378.13679985564,31.0797369744362,307.344065636091,5290.46189387069,1186.20996119098,1571.25336926316,65.612778057143,18.9931725954888,1.72665205413534,13820.1230412993,1574.70667337143,483.462575157896,3.45330410827068,1937.30360473985,9605.36537715491,221.011462929324,6367.89277565114,188.205073900752,5200.67598705565,2952.57501257144,81.1526465443611,6.90660821654137,614.688131272182
"205",219,1,306.763097785654,4.42979202578562,24.3638561418209,1.10744800644641,8.85958405157125,25.4713041482673,19.9340641160353,478.417538784847,18.8266161095889,445.194098591455,44.2979202578562,2.21489601289281,6.64468803867844,1386.5249040709,431.904722514098,177.191681031425,0,18.8266161095889,2478.46863842706,64.2319843738915,911.429709305392,26.5787521547137,76.413912444802,221.489601289281,2.21489601289281,2.21489601289281,29.901096174053
"206",220,2,3613.27616554536,132.193030446782,44.0643434822605,8.8128686964521,343.701879161632,158.631636536138,105.754424357425,7358.7453615375,678.590889626812,3798.34640817086,88.128686964521,934.164081823923,0,18233.8253329594,8486.79255468337,3525.14747858084,114.567293053877,519.959253090674,14629.3620361105,237.947454804207,20939.3760227702,237.947454804207,7799.38879636011,6019.18931967678,8.8128686964521,660.965152233907,519.959253090674
"207",221,4,3545.83598972978,262.43851897671,134.135243032541,99.1434405023129,326.590156948795,46.6557367069708,233.278683534854,5038.81956435284,1113.90571387893,2064.51634928346,81.6475392371988,157.463111386026,0,17665.0283106768,5021.32366308773,1393.84013412075,297.430321506939,1008.93030628824,16539.4586626211,99.1434405023129,8024.78671359897,139.967210120912,4391.47121754362,2466.92207838108,5.83196708837134,17.495901265114,180.790979739512
"208",222,4,2896.37668387844,482.729447313074,119.262569336171,156.1771741307,289.637668387844,28.3958498419455,215.808458798786,6227.20987033865,1141.51316364621,2620.93694041157,73.8292095890583,215.808458798786,0,12866.1595633855,5045.94251691372,1138.67357866201,85.1875495258365,1411.27373714469,7533.41896306814,224.32721375137,13593.0933193393,377.664802897875,14010.5123120159,9279.76372834779,45.4333597471128,255.56264857751,406.060652739821
"209",223,4,3085.39368510995,439.539323856446,90.4933902057389,219.769661928223,305.953843076546,81.8749720909066,150.822317009565,5968.25454452135,663.618194842085,2133.05848342099,293.026215904297,478.322205373191,0,12763.8772280666,4964.20883414339,1753.84808636837,262.861752502384,478.322205373191,6864.57002846391,51.7105086889936,12182.1340053154,180.986780411478,15112.3961643584,8351.24715327247,17.2368362296645,73.2565539760743,883.387856770308
"210",224,4,3095.68216533577,1889.43359746356,149.446725223106,688.522412635025,266.869152184118,37.3616813057765,170.796257397836,5433.45593846865,1136.86258830434,1766.67378745886,37.3616813057765,112.08504391733,0,12163.8959565521,4841.0064206199,1595.87753006103,85.3981286989178,1030.1149274307,6436.88395068093,144.109342179424,8683.92221207121,240.182236965706,12815.0566878814,5967.19424283688,5.33738304368236,58.711213480506,336.255131751989
"211",225,4,3041.33943206487,256.254763677306,141.614474663774,74.1790105381675,492.27888811693,40.4612784753641,229.280578027063,6797.49478386117,1577.9898605392,3445.95221681851,512.509527354612,377.638599103398,0,12900.4042872286,5367.8629443983,1274.53027197397,6.74354641256068,1510.55439641359,6271.49816368144,236.024124439624,10277.1647327425,377.638599103398,13864.7314242248,5758.98863632682,0,256.254763677306,364.151506278277
"212",226,4,2299.59873645281,267.015019161582,98.0871498960915,70.8407193693994,408.696457900381,59.9421471587226,185.275727581506,5432.9382470224,991.770071171592,4027.02243184509,337.855738530982,735.653624220686,5.44928610533842,12527.908756173,5972.4175714509,1852.75727581506,49.0435749480457,839.190060222116,5171.37251396616,228.870016424213,11470.7472517374,495.885035585796,10936.7172134142,5738.09826892135,10.8985722106768,457.740032848427,610.320043797903
"213",227,4,1978.45806381118,409.844516944492,120.889389890102,135.631998413285,117.940868185465,47.1763472741862,120.889389890102,4104.3422128542,380.359299898126,2385.35405905104,203.447997619928,277.161040235844,0,8022.92755831628,6200.74114485084,1267.86433299375,173.962780573561,283.058083645117,7716.28130103407,274.212518531207,8503.53659617206,725.336339340612,13822.6697513365,13038.3629779032,14.7426085231832,76.6615643205525,790.203816842618
"214",228,4,2116.52366276625,43.3048319747571,113.675183933737,0,189.458639889562,32.4786239810678,86.6096639495141,4059.82799763348,806.55249552985,2852.70580633712,351.851759794901,654.985583618201,0,9862.67548225092,4931.33774112546,2035.32710281358,37.8917279779124,1131.33873534053,7221.08073179074,173.219327899028,9370.08301853806,135.327599921116,10636.7493537997,9391.73543452544,54.1310399684463,124.501391927427,135.327599921116
"215",229,4,2318.59321839465,768.629532673295,114.341583372887,266.797027870069,228.683166745774,6.3523101873826,196.921615808861,4745.1757099748,1029.07425035598,1956.51153771384,6.3523101873826,6.3523101873826,0,9915.95620250424,6098.2177798873,412.900162179869,0,1327.63282916296,4935.74501559628,209.626236183626,6473.00408094287,571.707916864434,11122.8951381069,9445.88524863793,82.5800324359738,6.3523101873826,565.355606677051
"216",230,4,1578.91934540733,1003.27166739424,32.8941530293194,489.300526311126,254.929685977225,4.11176912866492,53.452998672644,6669.28952669451,629.100676685733,1513.13103934869,8.22353825732985,0,0,10686.4879654001,9255.59230862475,419.400451123822,0,135.688381245943,2907.0207739661,349.500375936519,8174.19702778587,1414.44858026073,22524.2712868265,16430.629438145,24.6706147719895,4.11176912866492,1167.74243254084
"217",231,2,2234.66564649997,542.460821058772,139.879834361067,180.820273686257,156.938350746563,0,211.52560318015,3568.64162784576,743.751314407624,1695.6165287183,3.41170327709919,6.82340655419839,0,8686.19654349455,951.865214310675,334.346921155721,0,1637.61757300761,6356.0032052358,194.467086794654,3619.81717700224,75.0574720961823,5305.19859588925,4148.63118495262,27.2936262167935,3.41170327709919,1190.68444370762
"218",232,2,2043.20355344936,1460.75186174207,120.18844432055,480.753777282202,184.905298954693,0,64.7168546341425,4613.38720891959,1479.24239163754,2061.69408334483,18.4905298954693,0,0,11639.7885691979,1405.28027205567,582.451691707283,0,1053.96020404175,5057.15992641085,138.67897421602,5112.63151609726,101.697914425081,6471.68546341425,4576.40614912865,9.24526494773465,0,619.432751498221
"219",233,4,3986.07289908571,1042.16028086783,197.782243084405,616.167757301416,638.988785349617,15.2140186988004,334.708411373609,7211.44486323139,2517.92009465147,3263.40701089269,38.035046747001,0,0,14696.7420630412,3172.12289869988,334.708411373609,0,1399.68972028964,2898.27056212148,129.319158939803,7036.48364819519,144.533177638604,17397.2303820783,9371.83551846105,38.035046747001,0,730.27289754242
"220",234,4,4184.23165332585,1775.12858019885,176.104025813378,616.364090346822,316.98724646408,3.52208051626755,331.07556852915,6540.50351870884,1081.27871849414,1429.96468960463,10.5662415488027,81.0078518741537,0,14782.1719267749,2634.51622616813,1039.01375229893,3.52208051626755,803.034357709002,6477.10606941603,232.457314073658,7248.44170247862,373.340534724361,8611.48686227417,10249.2543023386,24.6545636138729,66.9195298090835,697.371942220975
"221",235,4,2670.21977576197,1669.33902084172,112.011925640894,715.431008932164,238.477002977388,10.8398637716995,101.172061869195,6511.14483886747,1734.37820347191,1929.4957513625,36.1328792389982,0,3.61328792389982,12111.7411209122,3429.01023978093,719.044296856064,0,368.555368237781,3201.37310057524,415.528111248479,6746.00855392096,270.996594292486,17701.4975391852,12043.0886503581,21.6797275433989,0,599.80579536737
"222",236,2,2644.89939446308,1721.28373290455,100.758072170022,554.169396935122,251.895180425055,0,142.740602240865,5961.51927005965,1259.47590212528,1637.31867276286,50.3790360850111,0,0,11889.4525160626,1872.42084115958,33.5860240566741,0,638.134457076807,881.633131487694,327.463734552572,6650.03276322146,100.758072170022,11746.7119138218,11553.5922754959,0,0,596.151927005965
"223",237,4,2898.90208168473,536.160573101564,27.2624020221134,181.74934681409,645.210181190018,0,90.8746734070448,8033.32112918276,963.271538114674,2253.69190049471,9.08746734070448,0,0,17838.6983898029,3880.34855448081,672.472583212131,0,345.32375894677,8723.9686470763,263.53655288043,8233.24541067826,199.924281495498,16748.2023089183,7687.99737023599,36.3498693628179,0,1335.85769908356
"224",238,4,4001.30452794595,1151.89069743898,128.829880634623,409.224326721745,424.380783266994,0,401.64609844912,6858.29658672553,1864.24415506573,1409.55045870823,53.0475979083743,0,0,17930.0880930305,2538.70647132934,333.442043995496,0,3099.49536350358,7502.44598989865,159.142793725123,7009.86115217803,106.095195816749,9381.84660150963,5691.2494327413,15.1564565452498,0,454.693696357494
"225",239,4,4791.10448039954,2664.15107843548,253.312725490586,1183.58187255084,323.192098039714,21.8373039216023,489.155607843891,6682.21500001029,2271.07960784664,1856.17083333619,65.5119117648068,192.1682745101,8.73492156864091,16923.9105392418,7223.78013726603,1074.39535294283,4.36746078432045,1746.98431372818,4048.63614706506,331.927019608354,8241.3985000127,676.95642156967,8437.93423530712,9997.11773530952,17.4698431372818,82.9817549020886,690.058803922632
"226",240,2,2198.67305918057,2348.09744184333,56.9235743477171,996.16255108505,234.809744184333,14.2308935869293,113.847148695434,5920.05173216258,1850.01616630081,1736.16901760537,14.2308935869293,234.809744184333,0,13199.1538018769,2981.37220646169,1259.43408244324,28.4617871738586,1110.00969978048,5073.31356374029,334.425999292838,6966.02241080189,925.008083150404,8225.45649324513,7215.06304857315,14.2308935869293,291.73331853205,426.926807607879
"227",241,2,2971.77328537028,1935.92019503886,50.434794660331,461.672351121492,190.100379873555,38.7959958925623,38.7959958925623,5008.5630697298,830.234312100834,2587.69292603391,54.3143942495873,186.220780284299,0,13299.2673919704,6137.52655020336,1342.34145788266,15.5183983570249,263.812772069424,9602.00898340918,236.65557494463,11828.8991476423,1454.84984597109,3670.1012114364,6692.309291467,50.434794660331,190.100379873555,349.163963033061
"228",242,2,4602.26599552238,1968.02389492388,145.495929974917,957.210065624456,107.207527349939,61.2614441999652,53.6037636749695,4831.99641127225,850.002538274517,1018.47150982442,290.991859949835,15.3153610499913,0,11065.3483586187,6386.50555784637,635.587483574639,0,61.2614441999652,9748.22730831946,589.641400424665,7129.30056877095,995.498468249434,4112.17444192266,5222.53811804703,7.65768052499565,0,268.018818374848
"229",243,2,2901.7994743686,1901.44228715205,76.3631440623315,939.266671966677,122.18103049973,7.63631440623315,91.6357728747978,3596.70408533581,977.448243997843,1527.26288124663,76.3631440623315,30.5452576249326,0,10331.9333916334,5307.23851233204,687.268296560983,7.63631440623315,878.176156716812,13783.5475032508,183.271545749596,2283.25800746371,137.453659312197,1901.44228715205,1893.80597274582,137.453659312197,0,397.088349124124
"230",244,3,961.346554067585,639.495300736424,21.0360296294876,275.571988146288,33.6576474071802,25.2432355553852,6.31080888884629,1775.44090072876,338.680077034751,1062.31949628913,2.10360296294876,0,0,4449.12026663663,2095.18855109697,410.202577775009,25.2432355553852,164.081031110003,4337.62930960035,79.936912592053,1680.77876739606,21.0360296294876,999.211407400662,824.612361475915,10.5180148147438,0,178.806251850645
"231",245,2,2475.31566823763,1109.62426507204,52.3147916535205,448.805844185465,99.1227631329862,38.5477412183835,13.767050435137,3306.8455145199,842.543486630383,1464.81416629857,93.6159429589314,5.50682017405479,0,8356.59961412814,6787.15586452253,346.929670965452,0,492.860405577904,9603.89438355155,203.752346440027,2535.89069015223,297.368289398959,3136.1340891242,2100.8518964019,24.7806907832466,0,385.477412183835
"232",246,2,3223.26272442529,865.01353474082,130.47690188828,463.917873380551,256.121325928846,43.4923006294267,86.9846012588534,4441.04714204924,860.181056893106,874.678490436248,62.822212020283,0,0,9490.98649291044,5755.48111662746,111.146990497424,0,599.227253116545,7727.13207849481,72.4871677157111,3933.63696803926,797.358844872822,7335.70137282997,4943.6248382115,33.8273449339985,0,425.258050598839
"233",247,2,1997.37069817576,2854.47996329333,49.7429484220017,1369.84427192897,57.3957097176942,0,84.1803742526182,4239.62975781368,1243.57371055004,1698.91300764375,34.4374258306165,195.14541304016,0,10174.3461426233,4155.44938356106,1098.17124593188,0,126.270561378927,7281.60237285147,359.67978089755,6562.24281105637,1783.09338189637,5483.20346836372,5919.4108622182,49.7429484220017,141.576083970312,378.811684136782
"234",248,3,1546.18239799207,605.638241496245,68.1844377843454,302.819120748122,82.2224102693578,18.0488217664444,32.0867942514567,2593.01406044584,435.177147035381,938.538731855108,36.0976435328888,2.00542464071604,0,6421.36969957277,3401.20019065441,224.607559760197,10.0271232035802,304.824545388838,6601.85791723721,124.336327724395,1818.92014912945,88.2386841915059,1534.14985014777,1070.89675814237,64.1735885029134,2.00542464071604,385.04153101748
"235",250,3,1277.714339631,183.21941473954,65.0911078679946,135.003779281766,45.8048536848851,36.1617265933303,81.9665802782154,1116.19196084746,159.111597010653,595.463097903506,4.82156354577737,7.23234531866606,0,3338.93275545083,1205.39088644434,245.899740834646,81.9665802782154,106.074398007102,3572.77858742103,12.0539088644434,1675.49333215764,4.82156354577737,889.578474195926,323.044757567084,16.8754724102208,7.23234531866606,395.368210753745
"236",251,3,1967.6470023844,327.941167064067,89.966160875983,165.421650642936,145.106711090295,17.4128053308354,63.8469528797299,2725.10403427574,281.507019515173,957.704293195948,0,5.80426844361181,0,7295.96543362004,3470.95252927986,298.919824846008,174.128053308354,191.54085863919,3714.73180391156,121.889637315848,3706.02540124614,34.8256106616708,2475.52049120044,1430.75217135031,11.6085368872236,5.80426844361181,510.775623037839
"237",252,3,2174.70966950589,691.186794184042,101.149286953762,283.218003470534,138.237358836808,6.74328579691748,97.7776440553035,3209.80403933272,445.056862596554,923.830154177695,30.3447860861287,10.1149286953762,0,8176.23402876245,4032.48490655666,327.049361150498,0,590.03750723028,5135.01213435266,178.697073618313,3017.62039412057,131.494073039891,3041.22189440979,1736.39609270625,13.486571593835,0,664.213650996372
"238",253,4,3041.9544921478,2656.69376491008,48.1575909047145,1629.33182560951,160.525303015715,56.1838560555002,24.0787954523572,5040.49451469345,1653.41062106186,2030.64508314879,72.2363863570717,0,0,11782.5572413535,7175.48104480245,1027.36193930058,0,393.286992388501,9936.51625667275,313.024340880644,4253.92052991644,329.076871182215,3852.60727237716,3748.26582541694,48.1575909047145,0,1019.33567414979
"239",254,4,1931.66843140148,2461.04695196048,45.0534911114047,1019.33523639553,95.738668611735,0,56.3168638892559,5057.25437725518,867.27970389454,1819.03470362296,45.0534911114047,275.952633057354,5.63168638892559,12389.7100556363,3210.06124168758,1475.5018338985,11.2633727778512,411.113106391568,10137.0355000661,259.057573890577,6651.02162532112,1317.81461500859,6560.91464309831,5338.83869670146,84.4752958338838,304.111065001982,703.960798615698
"240",255,4,3281.99901702015,3394.17318408479,133.88529617392,1751.36441481561,173.689032874275,36.1852151821406,68.7519088460672,5141.91907738218,1892.48675402595,2004.66092109059,112.174167064636,159.214946801419,0,13193.1294554085,7045.26139596278,1020.42306813637,0,492.118926477113,8087.39559320843,405.274410039975,5865.623381025,1845.44597428917,5547.19348742216,7085.06513266314,32.5666936639266,25.3296506274984,477.644840404256
"241",256,3,2162.94922761724,372.753154872812,83.3789951689184,294.278806478536,176.567283887121,63.7604080703494,14.7139403239268,2766.22078089823,564.03437908386,446.322856492446,68.6650548449916,0,0,7141.16570387913,4119.9032906995,480.655383914942,0,465.941443591015,8509.56215400432,44.1418209717803,2108.99811309617,156.948696788552,2050.14235180046,2069.76093889903,9.80929354928452,0,505.178617788153
"242",257,4,2502.99642555905,642.216188136861,109.78054498066,274.45136245165,104.291517731627,16.467081747099,21.956108996132,3238.52607692947,236.028171708419,444.611207171673,247.006226206485,0,0,8211.58476455336,4336.33152673607,296.407471447782,0,54.89027249033,9924.16126625166,236.028171708419,4429.64498996963,570.858833899432,3809.3849108289,2612.77697053971,87.8244359845279,0,461.078288918772
"243",258,4,2672.01225687342,1542.45299155055,67.8325407374048,893.619993192767,94.3757088520414,14.7462045081315,8.84772270487889,3904.79495375321,595.746662128512,825.787452455363,268.380922047993,0,0,9750.19042077653,4429.7598342427,359.807389998408,0,38.3401317211418,9092.50969971387,353.908908195155,3972.62749449062,837.584416061868,2789.98189293848,3087.85522400273,97.3249497536677,0,474.827785161834
"244",259,4,2977.78005308572,765.448164116079,116.684171359158,392.058815766772,130.686271922257,107.349437650426,16.3357839902822,4069.94389700744,543.748238533678,1880.94884230963,133.019955349441,32.6715679805643,0,10893.634238091,8445.60032297588,903.135486319886,84.012603378594,30.3378845533812,11715.0908044595,609.091374494807,6137.58741349173,1029.15439138778,4590.35530126929,4361.65432540534,56.008402252396,2.33368342718317,702.438711582133
"245",260,4,2518.78149596162,274.654365251134,100.483304360171,107.182191317516,281.353252208479,6.69888695734473,6.69888695734473,3188.67019169609,308.148800037858,844.059756625436,33.4944347867237,20.0966608720342,0,8373.60869668091,1755.10838282432,187.568834805652,0,200.966608720342,11877.1265753722,46.8922087014131,2806.83363512744,495.71763484351,4548.54424403707,2029.76274807545,133.977739146895,0,187.568834805652
"246",261,4,1601.14592939507,1016.60059009211,42.3583579205045,457.470265541449,67.7733726728072,33.8866863364036,36.7105768644372,3219.23520195834,505.47640451802,1474.07085563356,96.0122779531436,8.4716715841009,0,8773.8278706005,3066.74511344453,691.85317936824,0,172.257322210052,11360.5115942793,256.974038051061,3106.279580837,152.490088513816,1445.83195035322,866.934392106326,50.8300295046054,0,276.741271747296
"247",262,4,2052.32293627859,590.983044478129,59.0983044478129,295.491522239064,64.4708775794322,10.7451462632387,21.4902925264774,3148.32785512894,359.962399818497,886.474566717193,102.078889500768,37.6080119213355,0,9176.35490880585,3056.99411189141,413.68813113469,0,59.0983044478129,13152.0590262042,386.825265476593,2568.08995691405,128.941755158864,1327.02556350998,897.219712980432,96.7063163691483,0,451.296143056026
"248",263,4,3311.97747109715,1082.08787746163,78.856606454694,854.279903259185,91.999374197143,8.76184516163266,100.761219358776,3009.69381302082,893.708206486532,1073.3260323,48.1901483889796,4.38092258081633,0,9607.36321973022,4972.34712922654,832.375290355103,0,771.042374223674,11215.1618068898,83.2375290355103,2703.02923236368,26.285535484898,1625.32227748286,648.376541960817,39.428303227347,0,477.52056130898
"249",264,3,1717.8258565689,476.064142421225,123.177435451646,213.063672132576,63.2532776643586,56.5950379102156,33.291198770715,2833.08101538785,336.241107584222,2253.81415677741,19.974719262429,9.98735963121451,0,7387.31700722167,3582.13298772894,852.254688530305,89.8862366809306,639.191016397729,6864.64518652144,302.949908813507,3309.14515780907,13.316479508286,1548.04074283825,998.735963121451,49.9367981560725,13.316479508286,316.266388321793
"250",265,3,200.113835834444,67.4067657547601,0,14.7452300088538,8.42584571934501,8.42584571934501,0,758.326114741051,8.42584571934501,612.980276082349,4.2129228596725,0,0,1683.06268243917,280.159370168222,143.239377228865,18.9581528685263,23.1710757281988,1830.5149825277,179.049221536081,964.759334865004,10.5323071491813,337.0338287738,115.855378640994,2.10646142983625,0,101.11014863214
"251",266,3,862.794968036968,106.637580319176,63.0131156431494,29.0829764506843,4.84716274178072,33.930139192465,14.5414882253422,959.738222872583,67.8602783849301,562.270878046564,4.84716274178072,9.69432548356144,0,2564.149090402,290.829764506843,159.956370478764,426.550321276703,67.8602783849301,1648.03533220545,92.0960920938337,2632.00936878693,0,203.58083515479,208.427997896571,0,0,324.759903699308
"252",267,3,963.619236402159,72.271442730162,48.180961820108,40.1508015167566,28.1055610617297,28.1055610617297,4.01508015167566,1337.021690508,156.588125915351,590.216782296323,16.0603206067027,0,0,4223.8643195628,815.06127079016,176.663526673729,92.3468434885403,156.588125915351,4388.4826057815,28.1055610617297,2067.76627811297,0,927.483515037079,421.583415925945,12.045240455027,0,529.990580021188
"253",268,3,315.732657658935,6.57776370122781,6.57776370122781,0,6.57776370122781,0,6.57776370122781,184.177383634379,0,52.6221096098225,0,0,6.57776370122781,874.842572263299,39.4665822073669,52.6221096098225,6.57776370122781,0,2894.21602854024,13.1555274024556,486.754513890858,72.3554007135059,289.421602854024,131.555274024556,13.1555274024556,0,98.6664555184171
"254",269,3,796.097345923828,0,10.0771815939725,0,50.3859079698625,20.154363187945,40.30872637589,1209.2617912767,0,463.550353322735,0,0,0,4867.27870988872,493.781898104653,231.775176661368,30.2315447819175,161.23490550356,2609.99003283888,20.154363187945,2347.98331139559,0,786.020164329855,1259.64769924656,0,0,201.54363187945
"255",270,3,344.030821044905,3.12755291859005,15.6377645929502,0,12.5102116743602,0,50.0408466974408,622.38303079942,6.2551058371801,65.678611290391,0,0,0,3449.69086920482,178.270516359633,0,0,37.5306350230806,666.16877165968,59.4235054532109,1498.09784800463,0,659.9136658225,750.612700461612,0,0,143.867434255142
"256",271,3,1520.6916962073,195.777673463814,118.377197908353,113.824228758032,22.7648457516063,36.4237532025701,27.3178149019276,1493.37388130537,232.201426666384,1065.39478117518,22.7648457516063,0,0,3605.95156705444,2153.55440810196,241.307364967027,36.4237532025701,95.6123521567465,3801.72924051825,91.0593830064252,2595.19241568312,81.9534447057827,1252.06651633835,737.581002352044,4.55296915032126,0,173.012827712208
"257",272,3,1943.73171007432,531.999963460709,121.854740234017,297.206683497603,154.547475418753,17.8324010098562,62.4134035344966,2692.69255248828,365.564220702051,1260.15633802984,2.97206683497603,0,0,7418.27882010016,1539.53062051758,359.620087032099,26.7486015147842,211.016745283298,4380.82651475466,89.1620050492808,3700.22320954515,62.4134035344966,1444.42448179835,1165.0501993106,8.91620050492808,0,362.592153867075
"258",273,4,2857.15938830919,227.744588923197,124.224321230835,98.344254307744,362.320936923267,10.3520267692362,113.872294461598,5776.4309372338,1081.78679738518,2173.9256215396,5.1760133846181,10.3520267692362,0,14684.3499721616,6671.88125277274,496.897284923338,87.9922275385078,921.330382462023,11299.2372186213,165.632428307779,5326.11777277203,87.9922275385078,5056.96507677189,2500.01446477054,25.8800669230905,10.3520267692362,854.042208461987
"259",274,3,2428.23852374446,664.022330889905,123.690434185374,247.380868370749,234.360822667025,71.61025137048,78.1202742223418,3801.8533454873,891.873130705069,2024.61710692902,45.5701599630327,19.5300685555854,0,10741.537705572,5253.58844145248,377.581325407985,201.810708407716,1191.33418189071,6959.21442864028,292.951028333782,4849.96702463705,214.83075411144,3339.64172300511,1796.76630711386,52.0801828148945,6.51002285186181,703.082468001076
"260",275,4,2747.63899038167,1927.22327303416,60.2930185977168,913.008567336854,167.959123236497,34.4531534844096,73.2129511543704,4909.57437152837,975.454908027347,1834.63042304481,101.206138360453,174.419089514824,0,11559.0329940194,7131.80277127279,1322.13976496422,4.3066441855512,267.011939504174,4767.45511340518,381.138010421281,6205.87427137928,1007.75473941898,4440.15015530329,5913.0224667618,32.299831391634,152.885868587068,697.676358059294
"261",276,4,3244.61275245731,2883.16625412658,109.274522751153,1569.07007027297,159.70891786707,42.0286625965973,187.728026264801,5945.65480199863,1734.38280981958,2759.88217717656,193.331847944348,221.350956342079,0,14337.3777671192,9840.31086928332,1513.0318534775,28.0191083977315,1036.70701071607,7688.44334433754,697.675799103515,6817.04907316808,1658.73121714571,5699.0866480986,5721.50193481678,14.0095541988658,109.274522751153,633.231849788733
"262",277,4,3222.54797272826,2069.57047949165,67.5384305661611,1172.27418768408,299.098763935856,96.483472237373,57.8900833424238,6392.03003572596,1577.50477108105,2614.70209763281,231.560333369695,101.307645849242,0,15012.8282801352,10207.9513627141,1249.46096547398,48.2417361186865,274.977895876513,10835.093932257,482.417361186865,7882.69968179337,1693.2849377659,5021.96472995526,5972.32693149339,38.5933888949492,120.604340296716,376.285541725755
"263",278,4,5972.23278565817,3425.17563889424,200.272638556035,1987.32079797912,570.006740505638,51.3519586041116,359.463710228781,11882.8432209914,3153.01025829245,2829.49291908655,159.191071672746,112.974308929045,0,32557.1417550067,5248.1701693402,2875.70968183025,0,1658.6682629128,20828.3544098276,498.113998459882,10486.0699469596,580.277132226461,11518.2443149022,5571.6875085461,20.5407834416446,154.055875812335,1417.31405747348
"264",279,4,4371.80568422062,2023.38218470434,176.064045523135,969.706589188961,265.450407096419,21.6694209874628,346.710735799405,7150.90892586273,2082.97309241986,1798.56194195941,62.2995853389556,102.929749690448,5.4173552468657,20171.5222617044,4466.60940104077,1449.14252853658,2.70867762343285,1411.22104180852,11295.185689715,346.710735799405,6506.24365148571,539.026847063138,6939.63207123497,4214.70238206152,35.2128091046271,32.5041314811942,942.619812954633
"265",280,4,5282.21050134482,2699.79647846513,145.33065929626,1688.07150413348,195.637425975734,0,313.019881561175,7255.35368332865,2660.66899326998,2448.26264506776,240.354551913045,262.7131148817,0,16880.7150413348,4997.13882349447,1520.38228186856,11.1792814843277,1397.41018554096,7210.63655739134,469.529822341762,6919.97523879882,1906.06749307787,10463.8074693307,10011.0465692154,5.58964074216383,122.972096327604,313.019881561175
"266",281,4,4709.85202774558,2086.39609522109,169.255221453193,839.766291056226,527.295112988793,9.76472431460728,358.0398915356,7297.50397111651,1904.12124134842,2200.31787889151,87.8825188314655,253.882832179789,0,18735.2510516265,5113.46063274934,1389.8457607791,26.0392648389527,1438.66938235214,7317.03341974572,390.588972584291,7818.28926789556,524.040204883924,8404.172726772,9130.01723415781,9.76472431460728,221.333751131098,507.765664359578
"267",282,4,3461.41805744265,2394.92708839275,103.946488211491,987.491638009164,297.286956284864,14.5525083496087,185.024749016454,8028.82674945556,1833.6160520507,2650.63544939302,66.5257524553542,2.07892976422982,0,22770.5177076092,7359.41136537356,1365.85685509899,2.07892976422982,1112.22742386295,15483.8688839837,361.733778975988,7766.8815991626,264.024080057187,6093.3431389576,5918.71303876229,33.2628762276771,0,908.492306968431
"268",283,4,3649.66324889153,1250.34759452765,114.896805983622,412.276774411821,317.655875366485,13.5172712921908,250.069518905531,6299.04842216093,1574.76210554023,3359.04191610943,13.5172712921908,20.2759069382863,0,16977.6927429917,952.967626099455,1236.83032323546,13.5172712921908,1601.79664812462,13706.5130902815,236.55224761334,7069.53288581581,270.345425843817,3629.38734195324,3534.76644290791,54.0690851687634,13.5172712921908,527.173580395443
"269",284,3,231.353063609104,29.4449353684314,4.20641933834735,21.0320966917367,37.8577740451261,0,16.8256773533894,740.329803549133,8.41283867669469,8.41283867669469,0,0,0,3251.5621485425,126.19258015042,33.6513547067788,0,29.4449353684314,344.926385744482,58.8898707368628,975.889286496584,37.8577740451261,727.710545534091,1022.1598992184,0,0,79.9219674285996
"270",285,4,3813.62825735777,2716.81616350611,182.802015641943,2187.32066992255,340.389960160859,94.5527667113496,113.46332005362,7652.47058583856,2647.47746791779,2433.15786337206,271.051264572536,0,0,20826.8227476199,7608.34596137327,926.617113771226,0,182.802015641943,13829.9180109801,352.996995722372,7671.38113918083,642.958813637178,6341.33888744118,5692.07655602325,12.6070355615133,0,523.191975802801
"271",286,4,4612.31359263654,2027.94645498775,229.925901926049,1011.67396847462,229.925901926049,22.9925901926049,91.9703607704196,7615.14587179075,1305.97912293996,2616.55676391844,206.933311733444,27.5911082311259,9.19703607704196,18674.5817544337,4856.03504867816,1099.04581120651,0,1094.44729316799,11680.2358178433,873.718427318987,10296.0818882485,1397.94948371038,6741.42744447176,9486.74271346879,32.1896262696469,0,818.536210856735
"272",287,4,4120.64124168781,1800.7526686116,188.18676536842,1174.54498385117,249.834154023592,3.24459940290379,285.524747455533,5694.27195209615,1778.04047279128,1703.41468652449,38.9351928348455,0,0,13325.5697477259,2936.36245962793,110.316379698729,0,1703.41468652449,4386.69839272592,162.229970145189,5600.17856941194,301.747744470052,10564.4156558547,5866.23572045005,3.24459940290379,0,584.027892522682
"273",288,4,4011.75811652634,596.949607739119,176.517357127159,256.752519457686,176.517357127159,70.6069428508636,234.286674005138,6913.06158639819,927.518476540889,4390.46808272642,609.787233712003,673.975363576425,0,20228.8891267724,9304.06942384788,2583.57222704296,131.585666222064,1916.01567645298,18441.2497100483,478.20156748994,13370.387450759,426.851063598402,5571.52967223178,4319.86113987556,38.5128779186528,215.030235045812,346.615901267876
"274",289,3,722.389527443441,213.200154651158,33.7017426596331,83.5217100695256,15.3855781707021,69.601425057938,5.1285260569007,1599.36748317346,90.1155292855408,894.561473639393,73.9973045352815,166.310773559494,0,4554.86378510738,1613.28776818505,1126.07779277948,17.5835179093738,21.9793973867173,5680.94157788686,112.827573251815,3510.10976265875,102.570521138014,338.482719755446,353.868297926148,2.93058631822897,52.7505537281214,191.953403843997
"275",290,4,3588.61701534187,440.378589350046,176.151435740019,223.000221841087,204.26070740066,80.5799120938383,271.722959386199,5331.39185830162,995.068216786701,2722.85144819412,101.193377978309,114.311038086608,0,15023.4687268907,2749.08676841072,1144.98433231012,35.6050774368123,3009.56601913266,17223.4877221969,204.26070740066,7179.10798212778,43.1008832129833,2801.55740884391,1371.73245703929,123.680795306822,54.3445918772398,208.008610288745
"276",291,4,2439.61524891029,116.436182334355,138.614502778994,0,194.060303890591,133.069922667834,94.2578618897157,5333.88606693568,299.407326002626,3432.09508880788,99.8024420008755,593.270071894093,0,14776.3059962407,5322.79690671336,2040.40548090679,410.298928225821,1247.53052501094,10739.8516753164,155.248243112473,14077.6889022346,110.891602223195,2883.18165780307,2500.60563013305,16.6337403334792,338.219386780745,210.69404422407
"277",292,4,2661.66236766007,470.878799675995,175.581925302913,221.472655779811,133.681693128355,23.9429898140337,113.72920161666,2867.17303023053,656.436970734756,1548.31334130751,73.8242185932704,11.9714949070168,5.98574745350841,7741.56670653755,1616.15181244727,648.455974130078,0,885.890623119245,12105.1766001452,219.477406628642,4070.30826838572,101.757706709643,2781.37731673024,1215.10673306221,265.36813710554,0,143.657938884202
"278",293,4,2530.62466108322,807.092227300202,114.555025810351,426.977823474946,119.762072438095,26.0352331387162,31.2422797664594,3155.4702564124,453.013056613662,1166.37844461449,156.211398832297,0,0,9914.21677922313,1447.55896251262,1187.20663112546,0,145.797305576811,19052.5836109125,291.594611153622,3587.65512651509,135.383212321324,1692.29015401655,505.083522891094,93.7268392993783,0,281.180517898135
"279",294,4,2366.97838647674,145.745356610805,79.3297510666406,44.2770703627762,95.9336524526817,71.9502393395112,23.9834131131704,2274.73448988762,197.40193870071,1503.57551440261,129.141455224764,171.573647655758,3.68975586356468,8076.87558534308,1992.46816632493,1464.83307783518,105.158042111593,142.05560074724,13725.8918124606,136.520966951893,7078.79662424884,199.246816632493,876.317017596611,511.031187103708,25.8282910449528,145.745356610805,376.355098083597
"280",295,4,3177.69775113692,508.809937533234,149.427453773701,255.350712144931,240.218818091898,11.3489205397747,145.644480260442,4189.6431659335,612.841709147835,1255.94720640174,139.970019990555,24.5893278361786,5.67446026988736,12404.3701499738,1847.98256122665,684.718205899742,0,544.748185909187,15478.0361294961,213.738003499091,4715.4764842764,206.172056472574,5078.64194154919,1740.16781609879,26.4808145928077,0,321.552748626951
"281",296,3,2164.14192127922,27.1195729483612,130.173950152134,0,103.054377203773,54.2391458967224,27.1195729483612,1540.39174346692,162.717437690167,1730.22875410544,423.065337994434,0,0,4572.3599990937,2663.14206352907,466.456654711812,0,48.8152313070501,9665.41579879593,553.239288146568,2809.58775745022,92.206548024428,113.902206383117,368.826192097712,0,0,27.1195729483612
"282",297,3,518.601730217275,126.708974224116,19.9114102352182,28.0569871496257,3.62025640640332,21.7215384384199,5.43038460960498,969.323652814488,28.0569871496257,717.715832569458,131.23429473212,11.7658333208108,0.90506410160083,2965.89506094592,603.677755767753,744.867755617483,6.33544871120581,2.71519230480249,4925.35884091171,283.28506380106,2292.5273693549,43.4430768768398,40.7278845720373,145.715320357734,0.90506410160083,0,38.0126922672348
"283",298,4,2899.21872794087,498.790318785526,100.086215282622,221.502279723835,136.182883089469,108.290003420542,42.6596983171831,3511.22132302969,639.895474757747,2323.3128006589,298.617888220282,114.853033930878,4.9222728827519,11726.4947643426,2708.89084314113,1683.41732590115,59.0672745930228,237.909855999675,17277.1778184592,280.569554316858,7718.12388015498,315.025464496122,1640.75762758397,1082.90003420542,19.6890915310076,98.445457655038,159.153489875645
"284",299,3,776.937303112951,118.578666293868,27.1742776923449,48.1725831818841,14.204736066453,87.6988052798402,10.4991527447696,1233.95924612057,71.023680332265,753.468608742289,129.077819038638,84.6108191784374,0.617597220280565,3907.53761271513,1220.3721072744,922.072649878883,31.4974582343088,64.2301109091787,5806.64906507787,187.749554965292,3293.02837853597,107.461916328818,503.34173452866,392.791832098439,8.64636108392791,71.023680332265,82.1404302973151
"285",300,4,3415.46627424409,713.467016991239,189.83601339013,230.967149624658,251.532717741922,188.254046611879,181.926179498875,5609.65419567834,553.688372387879,1850.90113055377,52.2049036822857,166.106511716364,1.58196677825108,16488.839729711,4912.00684646961,2304.92559591183,200.909780837888,960.253834398408,11431.2919396423,226.221249289905,10660.8741186341,254.696651298424,4812.3429394398,3690.72849365978,31.6393355650217,25.3114684520173,874.827628372849
"286",301,4,3426.87204268906,942.70829427134,216.568121656929,375.101648621479,260.447937156046,118.900145223412,242.046724204804,5351.92201297288,871.934398305023,2100.56923228028,383.594516137437,162.779960722529,1.41547791932634,15567.426156751,5445.34355564842,1783.50217835118,72.1893738856432,1401.32314013307,10870.8704204263,283.095583865267,9530.41283082422,237.800290446825,4189.81464120596,3609.46869428216,12.739301273937,70.7738959663168,501.079183441523
"287",302,3,1549.68692867857,210.742888307989,62.6778417812553,29.0679845942054,39.9684788170324,153.515293638147,7.26699614855134,2430.81021169042,148.065046526734,1827.64953136066,205.292641196575,262.520235866417,1.81674903713784,7325.13211773975,2299.09590649793,1524.25244215864,180.766529195215,67.2197143740999,11238.4095437346,188.941899862335,12685.4501518149,263.428610384986,1020.10458435289,694.906506705222,22.7093629642229,173.499533046663,182.583278232352
"288",303,4,1237.57674931976,625.928240521338,83.2984350503682,178.496646536503,133.277496080589,19.039642297227,78.5385244760615,4828.9292776342,283.214679171252,963.881891297118,168.97682538789,7.13986586146013,0,11335.7270327115,2817.8670599896,878.203500959597,14.2797317229203,487.890833866443,9981.53247432127,183.25655711081,6954.22934906217,159.457004239276,5573.85528251321,4122.08255734965,90.4383009118284,2.37995528715338,575.949179491118
"289",304,3,221.154960128725,89.6973365913713,9.3994214990958,38.5376281462928,4.16260094959957,19.8730625980883,2.95410389971582,310.852296720097,35.8520791465511,309.106689870265,28.0639870473003,4.16260094959957,0.134277449987083,1026.0139953513,498.840726702013,169.458141883698,0.268554899974166,4.43115584957373,1135.1815621908,33.5693624967707,1295.50883747537,15.0390743985533,223.303399328519,218.066578779022,1.34277449987083,1.34277449987083,21.3501145479462
"290",305,3,1372.30733140679,233.734926123479,53.1215741189725,74.3702037665615,139.886811846628,40.7265401578789,14.1657530983927,3369.67851828016,113.326024787141,575.483719622202,99.1602716887487,5.31215741189725,1.77071913729908,9244.92461583852,2202.77460680006,846.403747628962,1.77071913729908,23.0193487848881,7086.41798747093,184.154790279105,4630.4305440371,134.57465443473,3585.70625303064,2268.29121488013,40.7265401578789,1.77071913729908,258.524994045666
"291",306,3,1301.76898286601,113.788025899573,62.8381635564808,26.3240955439312,45.8548761087833,83.2181084937178,22.0782736820068,2097.43599979064,135.017135209195,1414.7078443932,86.6147659832573,260.693462322157,1.69832874476975,7686.6358988279,1499.62428163169,1354.41717395388,145.207107677814,35.6649036401648,10652.7670515683,164.737888242666,10588.230559267,191.061983786597,1007.95811002085,707.353922196602,90.8605878451817,127.374655857731,333.721598347256
"292",307,3,421.221318463569,488.917601788071,12.5363487637967,245.712435770415,12.5363487637967,7.52180925827802,10.0290790110374,1268.67849489623,213.117928984544,381.105002419419,2.50726975275934,0,2.50726975275934,3575.36666743482,554.106615359814,335.974146869751,0,40.1163160441494,6335.87066522285,162.972533929357,2710.35860273285,32.5945067858714,664.426484481225,601.744740662241,65.1890135717428,0,185.537961704191
"293",308,3,10.2340953489231,0,0.930372304447558,0,0,0,0,17.6770737845036,0,0,0,0,0,26.9807968289792,4.65186152223779,0,0,0,132.112867231553,0,58.6134551801962,0,18.6074460889512,2.79111691334267,0,0,49.3097321357206
"294",309,3,719.519904179403,57.339632466739,56.4147996850174,43.4671407409151,110.05510102487,0,36.9933112688639,2094.74625059942,70.2872914108414,120.228261623808,0,0,0,5100.45279119461,702.872914108414,109.130268243149,0,32.3691473602559,1808.97292104744,80.460452009779,2226.07250560389,69.3624586291198,1771.97960977858,1836.71790449909,24.9704851064831,0,656.631275022334
"295",310,3,539.527142749324,134.362343637187,23.5480396065173,41.5553640115012,87.9588538243442,3.46294700095843,36.0146488099677,1614.42589184682,88.6514432245359,147.521542240829,1.38517880038337,1.38517880038337,0,3809.24170105428,659.345108982485,135.747522437571,2.77035760076675,98.3476948272195,1528.54480622305,74.7996552207021,2199.6639350088,42.9405428118846,1380.33067458203,1376.17513818088,8.31107280230024,0,412.090693114053
"296",311,4,2106.55551188443,311.636466202585,80.2497337860735,200.624334465184,314.311457328788,6.68747781550612,175.21191876626,3860.01219511014,422.648597939987,635.310392473082,8.02497337860735,2.67499112620245,1.33749556310122,10596.977346451,1920.64362861336,226.036750164107,4.01248668930367,440.036040260303,3937.58693777001,124.387087368414,4861.79637187295,173.874423203159,3818.549832654,3666.07533846046,9.36246894170857,1.33749556310122,585.823056638337
"297",312,4,2589.20425072053,77.5021431186965,131.279140384731,42.705262534792,321.080307206028,4.74502917053244,260.976604379284,4072.81670470701,529.861590709456,716.499404750398,3.16335278035496,0,0,11981.1986555944,1259.01440658127,158.167639017748,0,697.519288068269,3125.3925469907,145.514227896328,5013.91415686261,79.083819508874,4417.6221577657,4020.62138383115,3.16335278035496,0,365.367246130998
"298",313,4,2525.29985040323,240.261321799498,90.3109933005205,119.278670396914,201.069758669083,1.7039810056702,272.636960907232,3827.14133873526,259.00511286187,390.211650298475,3.40796201134039,0,0,9973.40082618767,1455.19977884235,63.0472972097973,0,359.539992196412,1228.57030508821,139.726442464956,4074.21858455744,514.6022637124,4897.24141029615,4667.20397453067,11.9278670396914,0,967.861211220672
"299",314,4,2541.91302300573,381.228839298527,113.903738570901,166.206475669785,316.140988686584,18.5965287462696,172.017890902994,4405.05274677262,663.663619632497,934.475569500048,12.7851135130604,1.16228304664185,0,11971.5153804111,1967.74519796465,375.417424065318,2.3245660932837,753.15941422392,3007.98852470911,160.395060436575,4558.47410892934,151.096796063441,3834.37177087147,3354.34887260838,4.6491321865674,1.16228304664185,502.10627614928
"300",315,3,1807.08426350651,166.940165295364,94.6567947551031,74.0044031721715,194.476687405939,0,215.129078988871,3146.04765113324,505.983593781824,610.966584328393,3.44206526382193,0,0,8176.62603420899,1784.71083929167,242.665601099446,0,950.010012814853,2101.38084356329,58.5151094849728,2881.00862581896,72.2833705402605,3392.15531749651,2712.34742789168,12.0472284233768,0,540.404246420043
"301",316,3,1439.01879416907,146.69609066772,86.1548469000898,30.2706218838153,249.150503197557,0,79.1693187730555,3029.39069775721,295.720690711119,356.26193447875,0,0,0,8748.20972442263,810.32126273598,200.251806308317,0,426.117215749093,5467.34001409218,65.1982625189869,3488.1070447658,44.2416781378839,2125.92905999411,1688.16929736662,18.6280750054248,0,509.943553273504
"302",317,3,1424.34886197886,387.385096790269,76.7683880834375,160.623088913039,38.9747201038991,107.475743316813,22.439990362851,2149.51486633625,251.564102488803,1060.5848076758,135.820994301466,21.2589382384904,4.72420849744231,6498.1487882319,1096.01637140662,891.694353892236,93.3031178244856,240.934633369558,9043.31611622894,141.726254923269,5932.42482066318,160.623088913039,1010.98061845265,543.283977205866,24.8020946115721,4.72420849744231,186.606235648971
"303",318,4,1893.04912044412,529.942479712866,119.619562349886,211.420621827705,100.146610339439,27.8185028720664,153.001765796365,3770.7980643086,614.788913472668,1925.040398747,157.174541227175,2.78185028720664,1.39092514360332,11024.4726881999,1740.04735464776,549.415431723312,26.4275777284631,783.09085584867,11071.7641430824,297.657980731111,5598.47370300337,87.6282840470093,2786.02306263745,2212.96190347288,48.6823800261163,0,643.998341488338
"304",319,2,2478.64369160768,312.125501906152,103.485460525034,176.926755091188,303.779900250907,50.0736099314682,225.331244691607,4853.80192269032,577.515634542933,2073.04745116278,158.566431449649,5.00736099314682,0,12691.9909972961,1754.24546793244,529.111144942514,15.0220829794405,1145.01654709957,10956.1058530052,201.963560056922,7100.43788828219,83.456016552447,5805.20051138822,3485.12325123019,138.536987477062,1.66912033104894,569.170032887689
"305",320,4,3129.34290630953,97.8746302057925,142.84405489494,58.195726068309,198.394520687417,124.327232964115,251.299726204062,4549.84767443143,605.76460316558,2065.94827542497,253.944986479894,10.5810411033289,0,13943.1669139117,1724.70969984261,1214.17446660699,185.168219308256,2364.86268659401,13414.1148587452,256.590246755726,7134.26696391952,76.7125479991346,3126.69764603369,2150.5966042516,58.195726068309,2.64526027583223,431.177424960653
"306",321,2,1486.09656117028,64.1367989557699,76.6512963129934,28.1576190537527,81.3442328219521,64.1367989557699,48.4936772592407,2354.28981532765,76.6512963129934,799.363518692645,65.7011111254229,9.38587301791755,0,7264.66571586819,1323.40809552638,1096.5828309267,111.066164045358,186.153148188698,7977.99206522992,197.103333376269,4204.87111202706,101.68029102744,926.072804434532,1160.71962988247,62.572486786117,4.69293650895878,361.356111189826
"307",322,4,2481.19866615715,569.195432648268,141.858304421627,287.241038766773,88.9918555688468,198.249183197926,22.0276870219918,4352.67095554558,592.985334632019,2047.69378556436,222.039085181677,121.592832361395,1.76221496175934,14866.0454174018,3908.59278518222,2267.97065578427,122.473939842274,280.192178919735,19914.7912828423,293.408791132931,10440.2425409432,207.941365487602,1956.93971503375,1109.31431842751,357.729637237147,88.9918555688468,437.910417997197
"308",323,3,1053.07948741981,106.862309609022,69.9462390168141,29.1442662570059,56.3455814302114,38.8590216760078,17.4865597542035,1552.41791595651,40.8019727598082,369.160705922075,21.3724619218043,7.77180433520157,0,4119.05629765683,790.78109110676,485.737770950098,13.6006575866027,169.036744290634,5193.50824699845,48.5737770950098,3186.43977743264,126.291820447026,878.213889877777,252.583640894051,17.4865597542035,7.77180433520157,60.2314835978122
"309",324,3,824.476661316202,401.744991332259,42.7228815409305,204.62011685393,57.7133662921342,21.7362028892453,14.9904847512037,2508.65762311394,43.4724057784907,482.693608988758,16.489533226324,5.99619390048147,0.749524237560184,6034.41963659704,1981.74208410913,757.769004173346,14.2409605136435,25.4838240770463,6162.58828121983,149.904847512037,4904.13708635628,254.838240770462,4491.14923146062,3545.99916789723,53.216220866773,5.24666966292129,611.61177784911
"310",325,3,688.083308663337,667.795840103239,45.6468042602214,316.146385061533,35.5030699801722,15.2156014200738,16.906223800082,1878.28146418911,91.2936085204428,669.486462483247,18.5968461800902,23.6687133201148,0,4610.32723028236,1712.60047094831,840.239322864075,16.906223800082,3.3812447600164,4740.50515354299,187.65908418091,2774.31132559345,229.924643681115,1874.90021942909,1479.29458250717,21.9780909401066,0,444.633685942156
"311",326,3,829.763814370027,554.491395571885,31.5724638048048,240.740036511637,57.2250906462088,28.6125453231044,10.8530344329017,2228.81861672044,98.6639493900151,647.235507998499,10.8530344329017,21.7060688658033,0,5161.11119259169,1931.8401290565,849.49660424803,20.7194293719032,26.6392663353041,4828.61368314734,258.49954740184,4194.20448856954,275.272418798142,3618.99366362576,2051.22350781841,49.3319746950076,0,891.922102485737
"312",327,4,2917.89818063177,450.354878266038,96.5942218007936,201.969736492569,105.375514691775,179.389269058617,25.0894082599464,3705.70559999408,319.889955314317,1811.45527636813,170.607976167636,260.929845903443,2.50894082599464,15308.3024498063,1997.11689749173,2626.86104481639,135.482804603711,213.259970209544,22143.9117302287,405.193943398134,11935.0315092565,358.778538117234,1532.96284468273,904.473167771068,186.916091536601,159.31774245066,628.489676911657
"313",328,2,1127.22356608314,836.714404217196,52.8198476119894,360.135324627201,96.0360865672535,30.0112770522667,64.8243584328961,2665.00140224129,206.477586119595,830.712148806743,36.0135324627201,19.2072173134507,0,6411.60922944626,1438.14039634462,781.493654441025,8.40315757463468,54.0202986940801,4215.98420030243,109.241048470251,4735.77951884769,192.072173134507,6146.30954030422,3312.04453548816,8.40315757463468,13.2049619029974,765.887790373847
"314",329,3,790.294223032389,363.632311211222,26.6663694888229,167.270863157162,29.0905848968978,26.6663694888229,0,1083.62428740944,63.0296006099451,383.02603447582,48.4843081614963,19.3937232645985,0,4559.94918258872,1110.29065689826,761.203638135491,19.3937232645985,29.0905848968978,5961.14568845597,53.3327389776459,3355.11412477554,33.9390157130474,722.416191606294,227.876248359032,7.27264622422444,9.69686163229925,256.96683325593
"315",330,4,2742.98690382613,835.507505188419,120.859576222224,438.772809328509,315.285851014498,60.4297881111121,141.878632956524,5076.10220133341,1103.50047855074,2283.19503776332,31.5285851014498,10.5095283671499,0,13730.6988116814,1755.09123731404,822.370594729482,0,888.055147024169,16421.1380736718,252.228680811598,6116.54550968126,115.604812038649,4379.84594700973,2138.68902271501,5.25476418357496,0,541.240710908221
"316",331,4,873.186578786228,47.3822174535162,6.76888820764518,0,6.76888820764518,175.991093398775,0,2105.12423257765,6.76888820764518,1597.45761700426,67.6888820764518,277.524416513452,0,10309.0167402436,1631.30205804249,2125.43089720059,345.213298589904,6.76888820764518,18533.2159125325,135.377764152904,8718.32801144699,6.76888820764518,142.146652360549,169.222205191129,0,243.679975475226,142.146652360549
"317",332,4,1109.0257824968,986.788471800757,33.3374483716472,253.364607624519,146.684772835248,66.6748967432944,24.447462139208,3900.48145948272,242.25212483397,1102.35829282247,4.44499311621963,4.44499311621963,4.44499311621963,10396.8388988377,2055.80931625158,1406.84032128351,0,215.582166136652,13890.6034881863,166.687241858236,6216.32287303315,286.702055996166,7665.39062892075,2727.00327680074,51.1174208365257,2.22249655810981,2002.46939885694
"318",333,4,4355.53286003685,896.885311499573,177.228834008898,531.686502026693,461.869082568642,32.2234243652541,370.569380200422,7266.38219436481,1149.30213569406,2314.71598357075,42.9645658203388,5.37057072754235,0,21058.0078226936,2916.2199050555,961.332160230081,0,1944.14660337033,23399.576659902,311.493102197457,9339.42249519615,257.787394922033,8474.76060806184,3394.20069980677,102.040843823305,10.7411414550847,1063.37300405339
"319",334,3,762.672998376255,892.489678950937,24.3406276077528,405.67712679588,16.2270850718352,8.1135425359176,24.3406276077528,1914.79603847655,259.633361149363,827.581338663596,0,0,0,5054.73699987667,2620.67423910139,316.428158900787,0,0,4251.49628882082,373.22295665221,2498.97110106262,243.406276077528,1468.55119900109,1176.46366770805,0,0,178.497935790187
"320",335,4,3356.16311971316,902.774887429546,71.9820508249472,533.866876951692,521.869868480867,50.9872860010043,113.971580472833,7021.24920755006,992.75245096073,2606.35009028663,26.9932690593552,398.900531654916,0,21078.7438832387,5386.65680340021,1985.50490192146,2.99925211770613,614.846684129757,13130.7257713174,251.937177887315,8763.81468793732,251.937177887315,7447.14300826433,4054.98886313869,8.9977563531184,125.968588943658,689.82798707241
"321",336,4,6585.3581949373,5662.53436828356,234.80132867521,2413.53923894054,409.537201177693,409.537201177693,333.090256957857,10418.6263979605,3134.32471301327,7317.06466104144,496.905137428934,1567.16235650664,5.46049601570257,29705.098325422,21803.7605907004,6596.2791869687,163.814880471077,1862.02914135458,14961.759083025,398.616209146288,24435.719670269,573.35208164877,5438.65403163976,5203.85270296455,16.3814880471077,464.142161334718,884.600354543816
"322",337,4,2776.39779007207,1092.56394516725,81.4067253261871,497.009480938826,197.08996657919,179.951708615782,59.9839028719273,6126.92722191829,565.562512792458,3007.76427257807,85.691289817039,398.464497649232,0,17009.7210286822,5707.0399018148,2802.10517701718,188.520837597486,552.708819319902,17073.989496045,355.618852740712,11906.8047200776,608.408157700977,4648.75247257437,3748.99392949546,89.975854307891,29.9919514359637,878.33572062465
"323",338,4,2674.28006262197,1451.3680741868,40.3157798385222,524.105137900789,0,510.666544621281,13.4385932795074,7028.38428518237,470.350764782759,6343.01602792749,107.508746236059,1370.73651450975,0,23799.7486980076,6329.57743464799,6490.84055400207,1128.84183547862,107.508746236059,21112.0300421061,739.122630372907,28798.9053979844,2459.26257014985,1075.08746236059,3453.7184728334,0,712.245443813892,268.771865590148
"324",339,4,3643.33897845891,1048.84000895029,182.591580505517,322.720002753936,259.025265368291,101.911579817033,191.084212156936,6038.26110415918,1006.3768506932,2963.92844634536,433.124214222388,530.789478213711,0,17121.1454092615,12598.8190548806,2594.49896950862,301.488423625388,1443.74738074129,16717.745405819,276.01052867113,12709.2232663491,488.326319956614,3108.30318441949,3817.43792731301,21.2315791285484,254.778949542581,254.778949542581
"325",340,4,4286.48180958783,1368.63857534459,162.247785222494,771.985429687674,300.94347259011,47.1041957097564,238.137878310435,6003.16805323229,1659.11444888809,2140.62400503226,217.20268021721,240.754778072088,0,17883.8929711375,9847.39380310074,1263.96258487846,5.23379952330627,1795.19323649405,17776.6000809097,329.729369968295,7685.83459997525,238.137878310435,5987.46665466237,3668.89346583769,18.3182983315719,5.23379952330627,567.86724827873
"326",341,4,3665.0886207698,1289.65028856592,203.862244927946,726.813221047458,234.884760460459,39.8860913989459,274.770851859405,5796.7786166468,1954.41847854835,2251.34827007383,128.52185006327,115.226486263621,0,16597.0458098947,6208.93489443591,1453.62644209492,0,1777.1469612197,17478.9716086047,146.249001796135,4130.42635375751,589.427795117756,6107.00377197193,3558.72571037261,31.0225155325135,132.953637996486,279.202639792621
"327",342,4,2486.83427382937,3060.31806863279,104.269780873349,1501.48484457622,130.337226091686,104.269780873349,67.7753575676768,5265.62393410412,2012.40677085563,2684.94685748873,182.472116528361,427.506101580731,0,16521.5467793821,8148.68337525222,2215.73284355866,0,187.685605572028,15186.8935842033,745.528933244445,7293.67117209076,1167.82154578151,2095.82259555431,4874.61225582906,46.921401393007,224.1800288777,636.045663327428
"328",343,1,453.108549454326,162.707160940417,8.23833726280593,78.2642039966564,18.5362588413134,14.4170902099104,26.7745961041193,776.463287019459,123.575058942089,224.494690411462,8.23833726280593,0,2.05958431570148,2570.36122599545,685.841577128594,86.5025412594623,4.11916863140297,156.528407993313,3657.82174468584,18.5362588413134,1019.49423627223,53.5491922082386,1231.63142078949,401.618941561789,28.8341804198208,0,105.038800100776
"329",344,4,3581.8029040341,2747.98799752655,77.5641773495397,1542.97309941763,271.474620723389,16.6208951463299,204.991040138069,7543.11624724274,2534.68650981532,2681.50441694123,77.5641773495397,63.7134313942648,0,19745.62343384,8742.59084696955,1537.43280103552,5.54029838210998,1288.11937384057,14307.820571799,473.695511670403,7698.24460194182,290.865665060774,9025.14606445716,4919.78496331366,41.5522378658248,72.0238789674297,778.411922686452
"330",345,4,2716.72319564808,3682.00579629959,109.465037187285,1845.97858165831,89.5623031532334,49.7568350851296,54.7325185936426,6801.75935613722,1875.83268270939,2920.72621949711,144.294821746876,298.541010510778,0,17718.4089738147,4413.431272051,2199.25211076273,29.8541010510778,44.7811515766167,13792.5946855979,462.738566291706,8125.29116940167,1428.02116694322,3925.81428821673,4955.78077447891,348.297845595908,233.857124900109,383.127630155498
"331",346,4,2955.24296515063,1345.01442644676,151.550921289776,644.091415481547,123.135123547943,56.8315954836659,236.798314515275,4792.79788578916,1269.23896580187,2566.89372934558,66.3035280642769,56.8315954836659,0,11063.2172541536,12758.693186083,729.338808707046,0,672.50721322338,8647.87444609783,426.236966127494,4574.94343643511,795.642336771323,3646.69404353523,3646.69404353523,151.550921289776,0,312.573775160163
"332",348,4,2522.18515408051,431.212300536345,48.8164868531711,195.265947412684,561.389598811468,8.13608114219518,284.762839976831,8396.43573874543,886.832844499275,911.24108792586,8.13608114219518,0,0,22138.2767879131,2213.01407067709,8.13608114219518,0,1122.77919762294,3465.97056657515,138.313379417318,9153.09128496958,65.0886491375614,3937.86327282247,4190.08178823052,0,0,781.063789650737
"333",349,4,1868.89958441148,313.064397388726,66.4075994460934,147.045398773492,161.275598654798,0,61.6641994856581,3941.76536712169,407.932396597431,711.509994065286,0,0,0,10720.0839105836,1570.06538690406,4.74339996043524,4.74339996043524,322.551197309596,8737.34272712171,61.6641994856581,3339.35357214641,75.8943993669639,3808.9501682295,1527.37478726015,47.4339996043524,0,597.66839501484
"334",350,3,949.624954765652,249.901303885698,61.7403221364665,76.4403988356252,23.5201227186539,17.6400920389904,35.2801840779809,2013.91050778474,120.540628933101,1243.62648874883,11.760061359327,88.2004601949522,0,5977.05118587793,596.823113985843,661.503451462141,94.0804908746157,35.2801840779809,5921.19089442112,47.0402454373078,3739.69951226597,38.2201994178126,438.062285634929,417.482178256107,8.82004601949522,20.5801073788222,202.86105844839
"335",351,3,2183.7535948552,1254.79174815489,97.0557153268979,575.401740866609,145.583572990347,13.8651021895568,27.7302043791137,3708.91483570645,540.738985392717,776.445722615183,55.4604087582273,27.7302043791137,0,9234.15805824485,10634.5333793901,381.290310212813,34.6627554738921,256.504390506801,4242.72127000439,110.920817516455,5116.22270794647,866.568886847302,3736.64504008557,3507.87085395788,13.8651021895568,6.93255109477842,353.560105833699
"336",352,4,3699.48406406066,1298.40798721,280.560519849397,587.21969270804,45.6726427661809,358.856478877136,19.5739897569347,4247.55577725483,789.484253529699,2577.24198466307,228.363213830905,567.645702951106,13.0493265046231,12155.4476390564,16618.3173036375,2107.46623049663,156.591918055477,97.8699487846734,13460.3802895188,169.641244560101,10132.8020308399,1135.29140590221,1474.57389502241,2916.52447378327,150.067254803166,208.78922407397,260.986530092462
"337",353,4,3021.9399333217,1245.22148006221,197.413161473277,622.610740031103,144.263464153548,151.856278056367,45.55688341691,4753.10150316427,1222.44303835375,2224.69447352577,113.892208542275,106.299394639457,7.59281390281833,12467.4004284277,12163.687872315,1807.08970887076,113.892208542275,182.22753366764,10500.8616275978,387.233509043735,8185.05338723816,698.538879059286,1845.05377838485,2323.40105426241,0,167.041905862003,303.712556112733
"338",354,4,2042.4328264553,2152.57943496984,94.4113787267472,1491.69978388261,97.5584246843055,59.7938731936066,100.705470641864,3162.78118734603,821.378994922701,1158.11291238143,97.5584246843055,91.264332769189,3.14704595755824,8553.6709126433,6080.09279000252,660.879651087231,94.4113787267472,320.998687670941,4308.30591589723,418.557112355246,4663.92210910131,811.937857050026,1708.84595495413,3896.0428954571,0,50.3527353209319,506.674399166877
"339",355,4,2669.61780661388,3981.54427157841,137.294630054428,2135.6942452911,122.039671159492,144.922109501896,76.2747944746823,5236.26464068694,1826.78132766864,2215.78277948952,91.5297533696187,408.07015043955,0,15102.4093059871,10148.3614048565,2093.74310833003,133.480890330694,133.480890330694,7989.78472122297,251.706821766451,11292.4833219767,816.1403008791,2257.73391645059,6269.78810581888,0,316.540397069931,427.138849058221
"340",356,4,2738.42740945916,1495.73242487913,101.21497611964,669.143453235401,213.676060697019,16.8691626866067,224.922169154757,7990.36005922272,1293.30247263985,3368.20948309248,129.330247263985,624.159019404449,0,19472.636794573,3654.98524876479,2282.96001692078,67.476650746427,815.342863185992,19174.614920443,185.560789552674,10683.8030348509,421.729067165168,4712.11944379215,4430.9667323487,28.1152711443446,67.476650746427,298.021874130052
"341",357,3,785.479594999323,1174.36900232742,23.1023410293918,546.755404362274,73.1574132597408,19.2519508578265,23.1023410293918,2471.95049014493,273.377702181137,281.078482524267,50.055072230349,84.7085837744368,0,7550.61512643957,1813.53377080726,1020.35339546481,15.4015606862612,0,4208.47645752088,138.614046176351,4150.7206049474,192.519508578265,1701.87245583187,2406.49385722832,11.5511705146959,23.1023410293918,238.724190637049
"342",358,4,4440.95268601559,3769.95387063352,158.920772064176,1536.2341299537,423.78872550447,132.433976720147,211.894362752235,9093.79973478342,2692.82419330965,4520.41307204768,211.894362752235,600.367361131333,0,26539.7689347174,4714.64957123723,3151.9286459395,353.157271253725,1130.10326801192,12492.9384706005,414.959793723127,16854.430770584,715.143474288793,9129.1154619088,8758.30032709238,0,35.3157271253725,794.603860320882
"343",359,4,1975.75096507319,705.171566312296,114.35214588848,311.291952696419,435.173444075606,12.7057939876089,98.4699034039693,6915.12837775616,1054.58090097154,1419.8724781153,15.8822424845112,0,0,16352.3568620527,6553.01324910931,209.645600795547,0,555.878486957891,4021.38379707823,158.822424845112,8382.647583325,123.881491379187,11444.7439343388,7820.4161993733,19.0586909814134,0,905.287821617137
"344",360,4,2429.70744072497,515.174654591587,107.827253286611,206.069861836635,153.354315785403,67.0925131561137,141.373509864668,4718.04137158528,349.83953288545,1166.93049667955,59.9040296036729,91.0541249975828,0,11223.6189865442,2968.84370715803,1116.61111181246,81.4694802609952,390.574273015947,7531.13460177376,165.335121706137,7972.02825965679,531.947782880616,7751.58143071528,3507.97997359109,112.619575654905,64.6963519719668,1133.38424010149
"345",361,4,1126.69997004205,1507.34185181301,40.6018007222359,629.327911194656,263.911704694533,0,25.3761254513974,6379.55793848131,314.663955597328,416.168457402918,20.3009003611179,147.181527618105,0,14809.5068134355,2319.37786625772,812.036014444717,10.150450180559,50.7522509027948,2725.39587348008,294.36305523621,7485.95700816224,1842.30670777145,16118.9148867276,12865.6956038585,0,121.805402166708,1395.68689982686
"346",362,4,1328.09725623408,1330.77487167003,50.8746932831602,503.39170195969,157.979310721392,0,48.1970778472044,4444.84162368663,506.069317395646,870.225016685635,5.3552308719116,195.465926824773,0,11093.3607511649,2187.61181117589,1194.21648443629,0,125.847925489923,4035.16646198539,219.564465748376,6268.29773557253,476.615547600132,7312.56775559529,5296.32333232057,26.776154359558,72.2956167708066,1038.91478915085
"347",363,4,1957.7656400702,2155.77782552592,89.4248579477418,817.598701236497,79.8436231676266,62.2780260707488,33.5343217304032,4792.21426252095,673.880179534769,2449.60235878278,127.749797068203,338.536962230737,0,11770.5469273715,3062.80138471016,2002.47806904408,108.587327507972,186.834078212246,8865.83591653326,351.311941937557,12969.7981473493,790.451869359504,5890.86251730749,4311.55565105184,68.6655159241589,178.849715895484,966.107840328282
"348",364,4,1461.60388195406,1035.38384181034,62.2787273269375,470.982875409965,144.019556943543,33.0855738924356,52.5476761821035,4674.79696997825,474.875295867899,2269.28112697529,66.1711477848711,391.188256022326,0,11790.1415670809,3549.88745763544,1642.60143324798,219.921755873248,108.987772822141,8590.57195065944,116.772613738008,11823.2271409733,360.048892358858,5032.89965210814,2582.62097383894,17.5158920607012,163.481659233211,957.535432651664
"349",365,4,1350.93263183247,758.631838296313,36.511692752229,430.026603526252,101.421368756192,56.7959665034673,36.511692752229,2563.93220215652,393.514910774023,1509.14996709213,8.11370950049532,133.876206758173,0,8787.14738903643,3488.89508521299,1363.10319608321,56.7959665034673,16.2274190009906,13484.9851898232,170.387899510402,8166.44861224854,158.217335259659,2223.15640313572,1314.42093908024,32.4548380019813,89.2508045054485,1383.38746983445
"350",366,4,2393.17805438057,1714.60604908785,121.1735723737,702.806719767459,363.520717121099,12.11735723737,109.05621513633,5483.10414990991,811.862934903788,1102.67950860067,0,0,0,13262.4474963014,6743.30930259639,872.449721090638,0,896.684435565378,5107.46607555145,369.579395739784,7149.24077004829,381.696752977154,10929.8562281077,5901.15297459918,0,0,854.273685234583
"351",367,4,1433.99251848069,1650.44421938343,51.8582200079493,665.138039232393,245.762868733325,22.5470521773693,42.8393991370016,4128.36525367631,707.977438369395,1122.84319843299,67.6411565321078,124.008786975531,0,11057.0743877819,4683.02273723959,1632.40657764153,4.50941043547385,101.461734798162,9864.33532759905,171.357596548006,8631.01157349695,189.395238289902,4928.78560597292,2723.68390302621,6.76411565321078,51.8582200079493,1397.91723499689
"352",368,4,1136.07151080331,1808.8905608907,14.7064273243146,790.470468681912,106.621598101281,47.7958888040226,18.3830341553933,5522.26346028015,790.470468681912,1183.86739960733,66.1789229594159,257.362478175506,3.67660683107866,15427.0422632061,3297.91632747756,2853.04690091704,33.0894614797079,62.5023161283372,13654.9177706261,257.362478175506,12779.8853448294,529.431383675327,6908.3442355968,3551.60219882199,110.29820493236,172.800521060697,1095.62883566144
"353",369,4,1451.6159522188,1381.87639579548,80.0713425601117,537.252879113008,147.227952449238,74.9054494917174,72.3225029575203,4220.53463687815,418.437338539939,1108.08406317058,281.54117222749,191.138043530589,0,11398.543055412,3660.03523895736,1627.25631654421,2.58294653419715,95.5690217652946,8955.07563406153,211.801615804167,10065.7426437663,297.038851432673,4693.21385263623,3933.82757158226,23.2465188077744,136.896166312449,1547.18497398409
"354",370,4,1384.06417130447,812.309702554011,54.0377699123913,275.418311166381,128.993386242482,29.6336157584081,29.6336157584081,3531.62973685499,301.565619188506,1063.32385956641,122.020770769916,106.332385956641,3.48630773628331,7948.78163872594,4962.75906259929,639.737469607987,3.48630773628331,62.7535392530996,5607.7259938117,165.599617473457,6088.8364614188,784.419240663745,7275.92424562327,4546.14528811343,57.5240776486746,33.1199234946914,918.642088510652
"355",371,4,1237.66672130608,795.049571692302,52.2122106783004,259.874412239723,112.730909419058,34.4125934016071,21.359540732032,3683.33413512374,300.220211400227,1623.32509563443,88.9980863834666,227.835101141675,1.18664115177955,7416.50719862222,3743.8528338645,796.236212844081,112.730909419058,49.8389283747413,4703.84552565416,116.290832874396,8050.1735736725,263.434335695061,7698.92779274575,3856.58374328355,16.6129761249138,93.7446509905848,863.874758495516
"356",372,3,1725.11700570977,353.571278197273,143.759750475814,143.759750475814,73.8225745686613,38.8539866150849,116.561959845255,2109.77147319911,407.966859458391,1379.31652483551,3.88539866150849,0,0,6298.23123030526,951.92267206958,322.488088905205,0,745.99654300963,6519.69895401125,155.41594646034,3601.76455921837,42.7393852765934,1321.03554491289,1115.10941585294,128.21815582978,0,205.92612905995
"357",373,4,2137.28966821635,81.9408179507868,79.6646841188205,25.0374721516293,345.972342458877,20.4852044876967,248.098587684327,3609.94825749855,612.280000798934,1231.38840309377,0,0,0,11118.9137691554,874.035391475059,223.061115532697,0,1256.4258752454,6059.06826069429,134.291896086012,4907.34454171934,227.61338319663,3992.33874126889,3034.08639801108,25.0374721516293,0,418.808625081799
"358",374,4,3797.00124493227,345.342930392627,340.029962232741,194.808832529174,278.045333700731,24.793851412804,361.281834872287,4891.4726858689,871.326778221398,2592.72846202465,56.6716603721234,0,0,14545.1358323828,1599.20341612586,547.235720468317,8.85494693314428,1631.08122508518,11674.3620366574,308.152153273421,6743.92758428269,283.358301860617,4824.17508917701,5059.71667759864,46.0457240523503,0,926.227449206892
"359",375,4,1036.33904452468,287.213963768268,38.4925930823452,20.7267808904936,85.8680922606162,74.0242174660484,17.7658121918516,2670.79376617503,133.243591438887,1779.5421878838,251.682339384565,44.414530479629,0,8190.0394204436,2351.0091467217,1077.79260630566,17.7658121918516,79.9461548633323,8598.65310085618,183.5800593158,8992.46193777556,307.940744658761,2730.01314014787,1394.61625706035,2.96096869864194,65.1413113701226,287.213963768268
"360",376,4,2617.46275317278,216.404400852868,103.049714691842,82.4397717534735,422.503830236551,0,504.943601990025,5935.66356625009,1514.83080597007,1947.63960767581,0,0,0,16467.3444077563,1308.73137658639,72.1348002842893,0,1957.94457914499,1133.54686161026,144.269600568579,6471.52208264767,103.049714691842,8697.39591999145,3503.69029952262,0,0,515.248573459209
"361",377,4,2248.83303728171,16.6992552273394,183.691807500734,0,295.020175682996,55.6641840911314,322.852267728562,3774.03168137871,779.29857727584,1291.40907091425,0,0,11.1328368182263,12491.0429100499,601.173188184219,356.250778183241,0,1319.24116295981,4931.84671047424,94.6291129549234,4497.66607456342,144.726878636942,3484.57792410483,2488.18902887357,0,0,673.53662750269
"362",378,4,3876.43241212266,361.568583731621,260.746574806457,267.699816801296,451.960729664526,0,493.680181633559,5531.30400689431,1613.15214280261,1328.06922101422,3.47662099741943,0,0,16437.4640757991,1567.95606983616,52.1493149612914,0,1992.10383152133,3382.7522304891,191.214154858069,5896.34921162335,285.082921788393,7273.09112660144,4032.88035700654,3.47662099741943,0,549.30611759227
"363",379,4,3352.56672114465,397.01448013555,154.394520052714,281.218590096015,397.01448013555,5.51409000188264,463.183560158142,5381.75184183746,970.479840331345,1406.09295048007,5.51409000188264,0,0,14226.3522048572,1461.2338504989,33.0845400112959,0,1091.78982037276,998.050290340759,104.76771003577,5971.7594720389,209.53542007154,9991.53108341135,3848.83482131409,11.0281800037653,0,959.45166032758
"364",380,4,2882.64549502621,329.024272856484,93.3053908100476,54.0189104689749,530.367484604481,137.502681193754,206.254021790632,6418.42872572275,1070.55658929423,3118.36437707264,201.343211747997,132.59187115112,0,14732.4301279023,2661.65904310767,1266.98899099959,0,721.88907626721,8402.39598294692,122.770251065852,14049.8275319761,599.118825201358,13617.6762482243,5195.63702510686,19.6432401705363,73.6621506395113,510.724244433945
"365",381,4,3100.39104934954,873.221031563609,143.001353601009,127.788443643455,313.385945125616,167.342009533096,179.512337499139,7064.87538428815,1022.30754914764,4356.97741184351,97.3626237283467,371.195002964322,0,21599.2895577354,6809.29849700124,3559.82093006767,109.53295169439,480.727954658712,13983.7068329838,456.387298726625,20202.7444236319,1159.22373876563,10335.6510251623,5817.41676776871,0,206.895575422737,453.344716735114
"366",382,4,2734.72355848009,355.075060709171,151.068298556266,171.727211179345,409.304706344754,34.8619150514459,282.768866528395,5292.55517762506,887.042060753457,1876.08750258337,6.4559101947122,3.87354611682732,0,17053.9323703518,2817.35920897241,723.061941807767,2.58236407788488,934.815796194327,9297.80186242452,289.224776723107,6486.89856364682,171.727211179345,5092.42196158899,3493.93859737825,12.9118203894244,0,800.532864144313
"367",383,4,986.269741574407,167.36698644899,11.9547847463565,29.8869618658911,5.97739237317823,215.186125434416,0,2307.2734560468,23.9095694927129,2008.40383738788,197.253948314881,257.027872046664,0,11135.881991231,2235.54474756866,2851.21616200601,59.7739237317823,5.97739237317823,10263.182704747,251.050479673485,11655.9151276975,251.050479673485,251.050479673485,747.174046647278,0,23.9095694927129,77.7061008513169
"368",384,4,1607.799778543,1018.43035825598,56.5794643475543,286.433538259494,141.448660868886,129.661272463145,40.0771205795176,3553.89760433076,471.495536229619,2427.02327274197,163.844698839793,111.980189854535,0,11555.1768541474,4529.89336432607,2296.18326143825,47.1495536229619,188.598214491848,9883.7251782134,452.635714780435,10059.3572654589,636.518973909986,3585.72355302626,3074.15089621712,11.7873884057405,50.6857701446841,399.592466954602
"369",385,4,549.415720658092,175.27372683571,15.1679186684749,28.6505130404527,25.2798644474582,65.7276475633914,5.05597288949165,2519.55982326334,91.0075120108497,1021.30652367731,30.3358373369499,53.9303774879109,0,7688.4494406203,1712.28948524117,1402.18981468568,25.2798644474582,20.2238915579666,6601.41526937959,340.435507892438,5490.78655798793,212.350861358649,2807.75027796436,2369.56596087509,37.0771345229387,8.42662148248608,711.206853121825
"370",386,4,1953.25665569992,39.183872120424,49.8703826987215,0,187.607630152333,41.5586522489346,97.3659852689324,3278.38396740881,279.036665099989,1123.27100078549,93.8038150761666,61.7442833412742,0,10225.8032333664,3740.27870240411,562.822890457,34.4343118634029,499.89121705147,7063.78349225462,91.429034947656,7225.26854099334,108.05249584723,2719.12324714458,2544.57690769905,41.5586522489346,77.1803541765928,314.658367027647
"371",387,3,152.473190904316,139.66031771908,5.12514927409467,38.43861955571,0,2.56257463704733,0,500.983341542754,41.0011941927574,360.041736505151,6.40643659261834,0,0,1720.76886877729,222.943993423118,531.734237187322,0,1.28128731852367,1883.49235822979,89.6901122966567,895.619835648043,14.0941605037603,46.126343466852,80.721101066991,2.56257463704733,0,16.6567351408077
"372",388,4,1904.40441383391,627.462725945276,44.0324719961597,236.674536979358,126.593356988959,88.0649439923194,5.50405899951996,5239.864167543,528.389663953916,1706.25828985119,22.0162359980798,0,22.0162359980798,15405.8611396564,2102.55053781663,1959.44500382911,0,16.5121769985599,19071.5644333367,297.219185974078,7127.75640437835,313.731362972638,4238.12542963037,3197.8582787211,11.0081179990399,0,544.901840952476
"373",389,4,2740.51084519272,662.251347423482,169.052451684214,217.131589319174,160.522282103818,87.6281056895239,186.888260806861,4553.55961600783,552.134612840186,2327.18535552444,231.865518594404,88.4035756513781,0.775469961854194,12772.7657417004,2862.25962920383,1517.59471534866,48.8546075968142,759.96056261711,13704.1051658873,348.961482834387,9923.68910184812,207.825949776924,3667.19744960848,2490.80951747567,79.873406070982,93.8318653843574,508.708294976351
"374",390,4,1541.22871820462,125.099733620505,116.759751379138,68.3878543792091,128.435726517051,28.3559396206477,163.463651930793,2972.36967082319,261.875442378923,692.218526033458,11.6759751379138,1.66799644827339,1.66799644827339,8016.39093040193,2558.70655165139,266.879431723743,0,365.291222171873,7561.02790002329,111.755762034317,4151.64315975248,160.127659034246,2632.09839537541,1946.55185513505,68.3878543792091,0,550.43882793022
"375",391,3,1210.86313504397,54.4033500982527,59.0664943923886,18.6525771765438,143.003091686836,15.5438143137865,65.2840201179032,2092.19740663566,105.697937333748,334.192007746409,71.5015458434178,3.1087628627573,0,5544.47856572764,1960.07498496848,329.528863452273,1.55438143137865,289.114946236429,4660.03553127319,164.764431726137,2968.86853393322,175.645101745787,2017.58709792949,1569.92524569243,21.7613400393011,1.55438143137865,390.149739276041
"376",392,3,480.032422908666,20.0013509545277,36.0024317181499,2.00013509545277,20.0013509545277,38.0025668136027,10.0006754772639,976.065926580954,12.0008105727166,694.046878122113,50.0033773863194,6.00040528635832,0,3380.22831131519,472.031882526855,594.040123349474,88.0059441999221,2.00013509545277,3838.25924817387,76.0051336272054,4534.30626139144,32.0021615272444,916.061873717371,554.037421440418,2.00013509545277,4.00027019090555,186.012563877108
"377",393,3,79.6123422639246,74.2148953307771,9.445532133008,17.5417025327291,2.69872346657371,5.39744693314743,0,160.574046261136,5.39744693314743,48.5770223983269,22.9391494658766,0,0,304.95575172283,161.923407994423,68.8174483976297,0,2.69872346657371,246.933197191495,24.2885111991634,709.764271708887,9.445532133008,236.1383033252,129.538726395538,0,0,74.2148953307771
"378",394,3,1423.98383827632,128.573298019124,77.4204805276444,22.1201372936127,304.151887787174,13.8250858085079,73.272954785092,3470.09653793549,247.469035972292,443.785254453104,15.2075943893587,1.38250858085079,0,7718.54540688998,3926.32436961625,326.272025080787,0,254.381578876546,3194.97733034618,160.370995378692,4945.23319370328,172.813572606349,5603.30727818826,3222.6275019632,53.9178346531809,1.38250858085079,568.211026729676
"379",395,4,3774.86486058622,6152.53948056586,65.3656252915363,2361.33321365675,408.535158072102,106.219141098747,32.6828126457682,11577.8863797634,2344.99180733387,7459.85198639658,277.803907489029,1152.06914576333,0,29953.7977898465,10736.3039541348,4404.00900401726,179.755469551725,923.289457242951,14650.0707684656,833.411722467088,23343.6989322399,653.656252915363,8334.11722467088,6994.12190619439,8.17070316144204,555.607814978059,735.363284529784
"380",396,3,885.162206189816,133.286973132829,64.9346792185579,58.0994498271308,35.315351855707,3.41761469571358,18.2272783771391,1213.25321697832,85.4403673928394,292.775658932796,93.4148016828377,0,0,2834.34178764513,650.485997084151,251.764282584233,0,167.463120089965,5447.67782496744,159.488685799967,3878.99267963491,153.792661307111,1225.7844708626,690.358168534142,5.69602449285596,1.13920489857119,157.210276002824
"381",397,3,990.790647003432,100.557856710796,73.9396005226442,23.6606721672461,147.879201045288,2.95758402090577,59.1516804181153,2667.740786857,221.818801567932,343.079746425069,0,0,0,7074.54097800659,1215.56703259227,295.758402090577,0,653.626068620174,2298.04278424378,44.3637603135865,3995.69601224369,94.6426886689845,3161.65731834826,2614.5042744807,0,8.8727520627173,316.461490236917
"382",398,3,176.192613772636,84.065756898055,10.3642713983903,25.3348856405097,11.5158571093226,4.60634284372904,1.15158571093226,338.566199014085,18.4253713749162,42.6086713044936,4.60634284372904,0,0,738.166440707579,521.668327052314,89.8236854527163,1.15158571093226,63.3372141012743,837.202811847753,17.2737856639839,1054.85251121395,42.6086713044936,686.345083715627,639.130069567404,0,1.15158571093226,238.378242162978
"383",399,3,1974.26081284719,130.3061308604,76.2167935221208,36.8790936397359,317.160205301729,0,172.102436985434,4184.5478249887,476.969611073918,376.166755125306,7.37581872794718,0,0,11493.9841843844,1642.34897008957,44.2549123676831,0,700.702779154982,1605.46987644984,105.72006843391,3710.03682015743,270.446686691397,3943.60441320909,3933.76998823849,2.45860624264906,0,472.052398588619
"384",400,3,1642.57509428953,1219.27843133537,124.228368475679,533.721879376991,92.0210136856881,13.8031520528532,50.6115575271284,2765.23146125493,386.48825747989,524.519778008422,32.2073547899908,0,0,7545.72312222642,1067.44375875398,805.18386974977,13.8031520528532,368.084054742752,4881.71477602575,92.0210136856881,6625.51298536954,294.467243794202,1904.83498329374,2282.12113940506,0,0,165.637824634239
"385",401,3,220.461955787714,51.6397373917168,15.8891499666821,20.8545093312703,3.97228749167052,2.97921561875289,9.93071872917631,288.983915019031,31.7782999333642,33.7644436791995,0,0,0,753.741551544482,290.970058764866,35.7505874250347,0,52.6328092646344,1257.22899111372,34.7575155521171,630.600639302696,52.6328092646344,229.399602643973,197.621302710609,0,0,123.140912241786
"386",402,3,483.501128169645,355.515535418856,35.5515535418856,147.538947198825,19.5533544480371,19.5533544480371,5.33273303128284,885.233683192952,87.1013061776198,255.971185501576,14.2206214167543,3.55515535418856,0,2618.37191835988,412.398021085873,423.063487148439,3.55515535418856,51.5497526357342,3231.6362169574,76.4358401150541,2460.16750509848,268.414229241236,543.93876919085,424.841064825533,3.55515535418856,0,227.529942668068
"387",403,4,1615.29518280534,1007.18405516098,57.0104182166592,475.08681847216,145.693290998129,25.3379636518485,38.0069454777728,3572.65287491064,297.72107290922,1038.85650972579,25.3379636518485,6.33449091296213,0,9660.09864226725,1710.31254649978,956.508127857282,44.3414363907349,259.714127431447,9983.15767882832,171.031254649978,6885.59162238984,690.459509512872,2597.14127431447,3724.68065682173,31.6724545648107,12.6689818259243,443.414363907349
"388",405,3,230.823585036147,55.2923416626513,12.2871870361447,20.1860929879521,14.0424994698797,0,7.02124973493985,611.726383156634,22.8190616385545,51.7817167951814,0,0,0,1545.55259790363,510.795918216874,176.408899590364,0.877656216867481,57.0476540963863,1909.77992790364,34.2285924578318,1399.86166590363,83.3773406024107,708.268567012057,501.141699831332,1.75531243373496,0,172.020618506026
"389",406,3,11.3406943704041,0,0,0,4.53627774816163,0,0,34.0220831112122,0,0,0,0,0,68.0441662224244,6.80441662224244,0,0,0,77.1167217187477,0,56.7034718520204,0,226.813887408081,18.1451109926465,0,0,58.9716107261012
"390",407,3,59.202608964364,95.6349837116649,4.55404684341262,18.2161873736505,14.800652241091,0,6.83107026511892,702.461725596396,11.3851171085315,13.6621405302378,0,0,0,1584.80830150759,242.502994411722,88.803913446546,0,48.9560035666856,669.444885981654,12.5236288193847,718.40088954834,10.2466053976784,675.13744453592,645.536140053738,0,0,210.624666507833
"391",408,4,1172.25485784478,205.144600122836,73.2659286152985,83.0347190973383,170.953833435696,68.3815333742786,92.803509579378,3091.82218756559,315.043493045783,1355.41967938302,153.858450092127,36.6329643076492,9.76879048203979,9268.13996983526,2427.54443478689,710.679507568395,26.8641738256094,605.665009886467,9588.06785812206,105.014497681928,10897.0857827154,222.239983466405,2818.29605406848,3025.88285181183,46.401754789689,131.878671507537,395.636014522612
"392",409,4,922.520847622304,766.287478266914,52.0777897851301,208.31115914052,89.276211060223,22.3190527650558,66.9571582951672,2975.87370200743,111.595263825279,1257.30663909814,7.43968425501858,0,7.43968425501858,7856.30657329962,2395.57833011598,870.443057837174,0,22.3190527650558,6539.48246016134,133.914316590334,10489.9547995762,1383.78127143346,5244.9773997881,5557.44413849888,7.43968425501858,0,535.657266361338
"393",410,4,2198.49191342123,1479.24701262911,103.091769113536,395.584695435663,584.985852644252,38.3597280422461,115.079184126738,8120.27492994296,362.019933398697,1148.39435826474,239.748300264038,517.856328570322,0,16214.1775468569,10865.3929679662,1201.13898432283,9.58993201056152,781.579458860763,3442.78559179158,251.73571527724,17854.0559206629,2260.82647148988,9453.27547941101,22996.6569613265,0,282.902994311565,311.672790343249
"394",411,4,2501.12082268851,617.422106139443,132.465106408099,258.19469893104,431.072888650084,2.24517129505252,267.17538411125,9339.91258741849,487.202171026397,900.313689316061,35.9227407208403,71.8454814416807,0,24321.940639304,3363.26659998868,608.441420959233,0,1140.54701788668,2440.50119772209,348.001550733141,10475.9692627151,2348.44917462494,10226.7552489642,14719.3430103643,15.7161990653677,56.129282376313,577.009022828498
"395",412,4,2590.34201267446,307.248596393869,184.349157836321,137.080143006495,406.513527536503,9.4538029659652,326.156202325799,8276.80449670253,198.529862285269,363.97141418966,0,0,0,23072.0061384381,2037.2945391655,231.618172666147,0,855.56916841985,2604.52271712341,444.328739400364,9997.3966365082,775.211843209146,7043.08320964407,9661.78663121643,9.4538029659652,14.1807044489478,1328.25931671811
"396",413,3,1287.8902221387,22.9647895031961,122.892657341428,3.72401991943721,62.6876686438597,31.6541693152163,57.1016387647039,1844.63120009456,96.2038479187946,233.992584937971,40.3435491272364,3.10334993286434,1.8620099597186,4143.59283036047,1246.30533303832,256.957374441167,2.48267994629147,233.992584937971,3832.01649710089,119.789307408564,3908.35890544935,376.126011863158,2534.19555517702,1899.25015891298,9.31004979859302,0.620669986572868,310.955663273007
"397",414,4,2285.56768629271,22.3918457719369,183.933018840911,6.39767022055341,323.082346137947,20.7924282167986,172.737095954942,4982.18568425597,343.874774354746,465.43050854526,238.313215715614,0,0,11125.5485135424,9043.10685675224,116.7574815251,4.79825266541506,993.238301740917,2255.17875274508,92.7662181980244,6448.85158231784,351.871862130437,4940.60082782237,8948.74122099908,7.99708777569176,1.59941755513835,380.661378122928
"398",415,4,3829.01743173331,531.220343506278,354.930406501982,188.042599471249,672.252293109715,77.5675722818902,390.188393902842,9037.7974370869,770.974657832121,1217.57583157634,211.547924405155,103.423429709187,0,21032.5647508592,9080.10702196793,495.962356105419,2.35053249339061,2052.01486673,1732.34244762888,126.928754643093,12876.2169987938,944.914062343026,12507.1833973314,17283.4654239012,9.40212997356245,101.072897215796,749.819865391605
"399",416,3,319.565351025662,80.3814686628966,29.4078543888646,25.486807137016,17.6447126333188,3.92104725184862,9.80261812962154,741.077930599388,39.2104725184862,103.907752173988,21.5657598851674,1.96052362592431,0,1564.4978534876,376.420536177467,64.6972796555022,0,25.486807137016,335.249540033057,17.6447126333188,1919.3526297799,1927.19472428359,1676.24770016528,3450.52158162678,3.92104725184862,0,260.749642247933
"400",417,4,1625.87471367385,1032.54602669335,174.14582241246,560.965304054296,80.1379005791852,15.4111347267664,177.228049357813,2681.53744245735,639.562091160805,1220.5618703599,229.625907428819,13.8700212540897,3.08222694535328,7297.17229312388,3330.34621445421,836.824615663414,32.3633829262094,650.349885469541,6629.87015945489,177.228049357813,6038.08258594707,413.018410677339,2385.64365570343,1903.27513875565,52.3978580710057,10.7877943087365,228.084793956142
"401",418,4,2597.22030456146,1385.18416243278,161.206777524504,865.740101520486,113.441806406133,11.9412427795929,161.206777524504,3385.34232801459,728.415809555168,877.681344300079,370.17852616738,11.9412427795929,0,8914.13773496611,3504.75475581052,1009.0350148756,0,644.827110098017,7934.95582703949,477.649711183717,7499.10046558435,298.531069489823,2913.66323822067,1844.92200944711,226.883612812265,0,1188.1536565695
"402",419,4,2225.9334994455,602.758111790146,111.5339813155,234.933279792222,170.860567121616,87.8033469930528,196.964264876308,4553.90872647752,550.550716280764,2937.8525291189,223.067962630999,258.663914114669,2.37306343224467,15384.5702312422,9888.55532216354,1718.09792494514,90.1764104252975,374.944022294658,14077.0122800754,192.218138011818,16433.4642682943,99.6686641542762,2918.86802166095,1635.04070481658,4.74612686448934,258.663914114669,510.208637932604
"403",420,4,2904.93730595362,334.867843900389,125.369242051377,102.274907989281,295.277556936796,52.7870492847904,184.754672496767,5214.37071216321,522.921706977455,2045.49815978563,278.781604035299,3.2991905802994,1.6495952901497,14358.077405463,2212.10728409075,1045.84341395491,28.0431199325449,1191.00779948808,14626.9614377574,270.533627584551,9089.27004872485,108.87328914988,4115.7402489235,2647.60044069027,16.495952901497,13.1967623211976,303.525533387545
"404",421,4,3555.88369247259,698.477153878545,169.327794879647,286.44618633807,261.047017106123,166.505664964987,210.248678642229,6109.91126524061,785.96318123303,3538.95091298463,550.315333358854,191.904834196934,1.41106495733039,19613.8029068925,7213.36406187298,1838.6176394015,50.7983384638942,1158.48432996825,18302.9235615325,262.458082063453,19728.0991684362,293.501511124722,4226.13954720453,3776.00982581614,52.2094034212246,256.813822234132,568.659177804149
"405",422,4,2569.18240739251,26.9024335852619,163.65647097701,0,549.25801903243,6.72560839631546,221.94507707841,7082.06564132018,121.060951133678,347.489767142966,0,6.72560839631546,0,18979.6668944022,2125.29225323569,199.526382424025,6.72560839631546,394.569025917174,3896.36913093209,174.865818304202,7404.89484434332,228.670685474726,10516.6096623719,6564.19379480389,20.1768251889464,0,1194.91642507871
"406",423,4,2368.82372368537,296.102965460671,97.3108337194693,97.3108337194693,262.739251042567,19.4621667438939,180.720119764729,4722.3557449291,507.406490108661,1677.91680427713,12.5113929067889,36.1440239529457,0,11443.7540454096,2309.04706868626,1060.68808754222,26.4129405809988,980.059111031798,8728.78178463639,407.31534685435,6740.86046722438,336.417453715879,5787.21429677358,4505.49160121143,15.2917024416309,8.34092860452594,633.910573943971
"407",424,4,1877.58822304874,753.901836124914,71.6636726354481,269.455409109285,91.7295009733735,28.6654690541792,108.928782405881,4858.79700468338,369.784550798912,1146.61876216717,40.1316566758509,71.6636726354481,0,17792.6566419291,4417.34878124902,2367.7677438752,0,1060.62235500463,14418.7309342522,547.510458934823,8006.26550683226,106.062235500463,3706.44514870537,3431.25664578525,0,0,842.764790192869
"408",425,4,1904.61345559157,184.509428510434,103.166562177877,119.038340974473,186.493400860008,9.91986174787277,140.862036819793,3414.41641361781,347.195161175547,865.011944414506,43.6473916906402,15.8717787965964,0,9999.22064185576,1388.78064470219,521.784727938108,39.6794469914911,765.813326935778,8078.73540746759,196.413262607881,5971.75677221941,105.150534527451,2799.3849852497,2666.4588378282,1.98397234957455,1.98397234957455,849.140165617909
"409",426,4,3378.65247099101,605.760318384774,184.643519507658,301.260479196706,391.962558954854,29.1542399222618,304.499839188068,5286.63550590348,1104.62175705459,2299.94559386732,64.7871998272485,0,0,15581.3215584533,1765.45119529252,456.749758782102,0,1972.77023473972,12908.8495655793,165.207359559484,7836.01181910571,45.351039879074,3828.92350979039,3307.38655118104,32.3935999136243,0,472.946558738914
"410",427,4,2087.89453817622,428.418409563971,105.814185494716,227.113373744755,314.861722691593,20.6466703404323,190.981700648999,5350.06845196452,967.812672207765,2167.90038574539,7.74250137766212,0,2.58083379255404,14690.1059472176,1277.51272731425,544.555930228902,0,740.699298463009,7907.67474038558,136.784191005364,6810.82037855011,180.658365478783,5448.14013608158,4364.18994320888,10.3233351702162,0,658.11261710128
"411",428,4,2056.8650046637,336.537654153803,97.4187946234692,194.837589246938,343.179844696312,6.64219054250926,232.476668987824,5501.94783271184,909.980104323769,1873.09773298761,0,0,4.42812702833951,15011.3506260709,872.341024582883,374.176733894688,2.21406351416975,1578.62728560303,9584.68095284087,137.271937878525,6403.07168297893,95.2047311092994,3987.52838901973,2557.24335886607,39.8531432550556,0,723.99876913351
"412",429,4,3399.98208379109,2486.30611664853,315.633515921974,1007.81227890876,265.796644986925,77.5240214545199,415.307257792071,6500.94294197188,1201.62233254506,2303.57092322002,66.4491612467313,83.0614515584142,0,21429.8545020709,3566.10498690792,2203.89718134992,0,1456.3441173242,10737.076971451,343.320666441445,12149.121647944,193.8100536363,6822.11388799775,4396.71950249206,38.7620107272599,44.2994408311542,985.662558493182
"413",430,4,3423.04576191655,1070.33289310665,191.852122349305,681.579908346216,363.509284451315,0,287.778183523958,6124.12169499229,1852.88760268934,1696.3766607728,0,0,0,17493.8843142195,3024.19529703247,666.433688160744,5.04874006182382,1272.2824955796,7563.01261261208,111.072281360124,7825.54709582692,95.9260611746526,5735.36871023186,4165.21055100465,15.1462201854715,0,504.874006182382
"414",431,4,2686.65872268462,1332.77965431606,130.113053323732,566.16761040867,478.253385189933,10.5497070262485,225.060416559968,6143.44605828538,1455.85956962229,2317.41897676592,49.2319661224931,151.212467376229,0,18335.3908116199,3463.82047361826,1072.5535476686,0,425.50485005869,5700.35836318295,116.046777288734,8703.50829665502,207.477571516221,5169.35644286177,4789.56698991682,7.03313801749901,42.198828104994,320.007779796205
"415",432,4,2446.99917190015,1430.62746861091,110.78933258603,585.256691704465,248.071766442633,60.2115937967557,108.38086883416,5741.77758445862,744.2152993279,2938.32577728168,86.7046950673282,77.0708400598473,0,16259.5387888759,5093.90083520553,1144.02028213836,62.6200575486259,874.272341928892,11890.5855429833,231.212520179542,9896.37755643476,358.861099028664,5127.61932773171,5715.28448318805,74.662376307977,115.606260089771,1033.23094955233
"416",433,4,1816.95569052396,1587.39811773274,76.5191909304064,715.679491643212,165.041392202837,93.0233301506901,85.5214486869247,5330.83696815164,859.715615747507,2478.62163562806,232.558325376725,298.57488225786,0,9876.97713519343,4223.55926409988,1143.28673507784,96.0240827361962,205.55155210717,3906.97986632898,145.536500397047,11201.8094016944,823.706584721433,13318.840350769,9069.77468969228,16.5041392202837,235.559077962231,552.138475733128
"417",434,4,2618.37836438849,2083.16516138619,112.170431766949,817.241717159198,323.691817384624,80.121736976392,112.170431766949,8268.56325596365,1208.23579360399,2910.02148698256,249.979819366343,233.955471971065,0,24584.5537738361,6602.0311268547,1496.674046719,147.423996036561,1682.55647650423,7922.43735222564,269.209036240677,15934.6110498648,390.994076444793,8810.18619792406,8223.69508325687,22.4340863533897,179.472690827118,679.432329559804
"418",435,4,3353.18097911522,2711.5419325136,178.918580302376,1298.70210874656,413.363616560662,21.5936217606316,268.377870453564,7687.32934678485,2039.05485482536,3633.89806200343,219.021020714978,178.918580302376,0,24181.7715687987,3198.94082368214,1604.09761650406,0,1511.55352324421,8131.54099443213,416.448419669324,12912.9858128577,219.021020714978,4981.95702048858,4772.19040909958,15.4240155433083,101.798502585835,1098.18990668355
"419",436,4,3656.18228566671,2514.1450592113,194.035451096793,1194.70399175311,471.22895266364,88.701920501391,352.035746989895,7281.87328616107,1835.02098037253,3126.74269767403,285.509306613852,263.333826488504,2.77193501566847,23619.658268511,4490.53472538292,1962.52999109328,0,842.668244763214,9419.03518324146,401.930577271928,13754.3415477469,97.0177255483964,4302.04314431746,4354.70990961516,27.7193501566847,11.0877400626739,842.668244763214
"420",437,4,2981.06359036598,726.047006249593,298.960531985127,410.003015293888,452.711662720335,21.3543237132233,341.669179411573,5889.52248010699,1071.98705040381,3139.08558584383,4.27086474264467,0,0,14836.9841159476,2237.93312514581,657.713170367279,8.54172948528933,1170.21693948464,7320.26216889296,192.18891341901,7311.72043940767,205.001507646944,7337.34562786354,6111.60744672452,8.54172948528933,0,653.442305624634
"421",438,4,2703.13979719425,2526.22197180711,102.859200806478,1419.4569711294,341.492546677509,32.9149442580731,193.37529751618,7788.49868506655,1514.08743587136,3328.52373809764,24.6862081935548,16.4574721290366,0,18029.1607173595,3439.61167496864,1119.10810477449,0,1003.90579987123,5797.14455745313,407.322435193655,9689.33671597027,226.290241774253,10948.3333338416,7479.92108264711,20.5718401612957,0,802.301766290532
"422",439,2,2729.35553544853,1183.3921602037,85.6070924402675,417.964039561306,483.42828672151,30.2142679200944,120.857071680378,7855.70965922454,1762.49896200551,2185.49871288683,60.4285358401888,140.999916960441,0,18722.7746878185,4396.17598237373,730.178141402281,0,483.42828672151,5599.71098785749,271.92841128085,10413.8510097925,241.714143360755,10373.5653192324,10308.1010720722,15.1071339600472,30.2142679200944,845.999501762643
"423",440,4,1688.19446876412,938.821362928678,50.5195352248616,572.554732548431,265.227559930523,4.20996126873847,46.3095739561231,6032.87449810222,732.533260760493,1069.33016225957,29.4697288811693,16.8398450749539,0,13181.3887324201,3292.18971215348,534.665081129785,0,29.4697288811693,3287.97975088474,134.718760599631,6445.45070243859,1923.95229981348,12339.3964786724,12840.3818696523,0,0,1060.91023972209
"424",441,4,2593.17972359761,2909.82061616321,147.401794815022,1348.45345627076,191.07640068614,70.9712345405662,305.722241097824,8522.00747060183,1452.18064521466,2331.13208837091,251.128983758927,305.722241097824,0,20101.2373521819,5448.40708242193,1965.35726420029,0,540.473247655081,5639.48348310807,278.425612428375,13904.9026442171,1064.56851810849,15924.8531657563,15613.6715989246,0,185.61707495225,1845.25209805472
"425",442,4,1178.71375604067,3058.28433999741,76.4571084999353,1108.62807324906,101.942811333247,19.1142771249838,57.3428313749515,5676.9403061202,1070.39951899909,1210.57088458231,19.1142771249838,522.456908082891,0,14858.1647518208,3587.11267378863,1713.91351554022,0,203.885622666494,2618.65596612278,76.4571084999353,8270.11056940967,1733.0277926652,8091.71064957649,11691.5661747818,12.7428514166559,254.857028333118,560.685462332859
"426",443,4,1213.35290604073,1984.36330662058,71.6644282590245,820.434144206763,93.9051128911356,14.827123088074,46.9525564455678,4028.03510559345,756.183277491776,1359.15294974012,130.972920611321,232.291595046493,0,9185.40275306187,4618.64884193506,1010.71555717038,12.3559359067284,177.925477056888,3879.76387471271,84.0203641657529,8617.02970135236,2152.40403495208,10339.4471667503,11965.4883320757,9.88474872538269,118.616984704592,669.691726144677
"427",444,4,1685.90616356522,2191.67801263479,99.3480417815221,845.963628503264,183.643349959783,36.1265606478262,96.3374950608699,5659.82783482611,1192.17650137827,1932.7709946587,126.442962267392,207.727723725001,0,12836.9712168609,6605.13950511089,1661.82178980001,42.1476540891306,596.088250689133,6593.09731822829,114.400775384783,10139.5213551566,821.879254738046,16533.9225898218,11244.3920016359,30.1054672065218,165.58006963587,803.815974414133
"428",445,4,1967.96246165342,3413.45701313336,26.1233955086737,1419.37115597127,287.357350595411,34.8311940115649,43.5389925144562,6983.65439931877,1349.70876794814,2420.76798380376,165.448171554934,261.233955086737,0,15186.4005890423,8011.17462265994,1341.00096944525,26.1233955086737,17.4155970057825,4972.1529451509,113.201380537586,12260.5802920709,539.883507179257,18747.8901767248,14420.1143207879,52.2467910173474,165.448171554934,818.533059271776
"429",446,4,2633.49137461529,2102.3295549895,120.51570697392,1115.88617568445,426.268519111458,26.7812682164267,254.422048056054,8328.97441530871,1562.24064595822,2669.1997322372,93.7344387574935,136.138113433502,0,19831.529114264,3834.18489965176,1589.02191417465,2.23177235136889,1002.06578576463,7286.73672721943,278.971543921112,10536.1972708125,526.698274923059,13667.3738797831,9241.76930701858,22.3177235136889,80.3438046492801,1084.64136276528
"430",447,4,2790.17962551905,1997.23337315129,156.937279114452,840.853421781643,322.134415024401,33.0394271819899,325.4383577426,6713.61160338035,1303.4054023295,2400.31438477157,28.0835131046914,216.408248042034,0,18518.5989355053,5235.0972369863,1461.99465280305,0,1319.9251159205,8178.9101989016,211.452333964735,8657.98189304045,434.468467443167,7561.07291059839,6037.95531750865,34.6913985410894,94.1623674686712,974.663101868702
"431",448,4,1975.78050590303,2927.74747692903,143.693127702039,1356.10389268799,224.520512034435,80.8273843323967,296.367075885454,6169.82367070628,1993.74214686578,3709.07885880887,170.635589146171,197.578050590303,0,22353.2621781484,7579.81248628253,2550.55301671118,0,1796.16409627548,20781.6185939073,341.271178292342,10893.7352439108,206.55887107168,2550.55301671118,3098.38306607521,0,80.8273843323967,601.714972252286
"432",449,4,2467.53220897435,1784.15264197814,147.315355759663,1153.97028678403,261.893965794956,57.2893050176467,368.288389399157,6674.20403455584,2344.76941250797,3408.71364854998,20.460466077731,274.170245441595,0,20202.6642051516,5233.78722268358,1894.63915879789,12.2762796466386,2189.26987031721,14702.8909234575,159.591635406302,8000.04223639281,192.328381130671,4468.56579137644,3879.30436833779,143.223262544117,171.86791505294,327.367457243696
"433",450,4,2097.63779634348,1669.86399512356,128.847530487929,680.314960976263,603.006442683506,20.6156048780686,123.693629268412,7591.69649634876,1051.3958487815,907.086614635018,0,288.61846829296,0,17920.1145402611,4514.81746829702,1468.86184756239,20.6156048780686,211.309950000203,4148.8904817113,77.3085182927572,7823.62205122703,1185.39728048894,15765.783830503,13647.5304292814,5.15390121951715,211.309950000203,654.545454878678
"434",451,4,967.465729354194,2725.34463628534,75.8796650473878,1353.18736001175,44.2631379443095,31.6165271030782,25.2932216824626,3844.56969573431,999.082256457272,1340.54074917052,50.5864433649252,316.165271030782,0,12349.4154864624,2782.25438507089,2466.0891140401,0,6.32330542061565,4616.01295704942,208.669078880316,6911.3728247329,417.338157760633,2390.20944899271,3819.27647405185,0,208.669078880316,265.578827665857
"435",452,4,2503.69613307948,1651.55121860564,97.1500716826849,599.554728098855,358.067407059039,36.084312339283,299.777364049428,7036.44090616018,1254.62378287353,1945.77714998749,213.730157701907,344.188825390084,0,18169.8391209959,3339.18674955057,1687.63553094493,108.252937017849,1568.27972859191,5373.78682221937,313.655945718383,12734.9865394331,255.365902708772,8724.0764371051,9068.26526249519,5.55143266758199,341.413109056293,1065.87507217574
"436",453,4,1138.84222593606,2017.46512605339,64.2894804963904,609.219362799128,64.2894804963904,76.5350958290362,21.4298268321301,4429.85134658462,664.324631796034,1258.23697542936,162.254403157557,495.947420972155,0,12922.1855797745,5498.28128435796,1925.62301105855,153.070191658072,45.9210574974217,13004.8434832698,202.052652988656,12616.0451964583,1616.42122390925,2923.64066066918,5023.76369021794,3.06140383316145,247.973710486077,514.315843971123
"437",454,4,1201.40464512224,4151.25120893822,62.3207020524503,2032.34733915491,96.9433143038116,13.8490449005445,10.3867836754084,4971.80711929548,1315.65926555173,1343.35735535282,76.1697469529948,633.593804199912,0,13689.7808841883,9846.67092428715,2021.9605554795,10.3867836754084,24.2358285759529,4854.09023764085,141.952710230581,10521.8118631887,3881.1948333776,5982.78739703523,11605.4996266563,0,740.923902179132,585.122147048006
"438",455,2,1169.64169032254,3560.78110649915,57.6178172572678,1855.29371568402,34.5706903543607,5.76178172572678,23.0471269029071,3140.1710405211,1279.11554311135,1296.40088828853,74.9031624344481,305.374431463519,0,8924.99989315078,4257.95669531209,1330.97157864289,0,0,2823.27304560612,259.280177657705,6015.30012165876,2293.18912683926,1820.72302532966,6441.67196936254,0,167.091670046077,270.803741109159
"439",456,4,2279.30045800736,3326.68141245275,89.7755103810337,2239.40023117134,104.738095444539,14.9625850635056,54.8628118995206,3765.58390764892,753.116781529783,538.653062286202,264.339002788599,0,0,7326.67915276325,16448.8685131472,234.413832661588,0,24.9376417725094,9381.54083481803,274.314059497603,6014.95919552926,1441.39569445104,1865.3356045837,4483.78799069718,0,39.900226836015,678.303856212255
"440",457,4,1389.23969469474,2755.57983398242,152.663702713707,1610.60206362961,53.4322959497976,0,30.5327405427415,3427.30012592273,633.554366261885,709.886217618739,122.130962170966,274.794664884673,0,6488.20736533256,4213.51819489832,526.68977436229,0,15.2663702713707,2663.98161235419,45.7991108141122,7724.78335731359,2473.15198396206,2373.92057719815,7709.51698704222,0,312.9605905631,129.764147306651
"441",458,2,958.515578104075,371.760714872141,40.3114028174611,188.119879814818,76.1437608774265,8.95808951499135,58.2275818474438,1787.13885824078,156.766566512349,17.9161790299827,17.9161790299827,0,0,4102.80499786604,3968.43365514117,4.47904475749568,0,129.892297967375,1213.82112928133,53.7485370899481,904.767041014127,528.52728138449,1599.01897842596,1693.07891833337,0,0,179.161790299827
"442",459,3,1344.65420579766,841.979736340589,67.0232625942757,381.194806004943,79.5901243307024,23.0392465167823,52.3619239017779,2678.83602681496,441.934637731006,781.239904614526,60.7398317260624,96.3459399792714,0,6905.49052416647,7739.09235268278,613.681748128837,25.1337234728534,69.1177395503469,3966.9393547987,79.5901243307024,3579.46111792554,349.777651663876,1392.82717578729,2067.24875564219,2.09447695607112,16.7558156485689,330.927359059236
"443",460,4,1499.32620061485,1103.77531854309,45.2058150939149,576.374142447415,143.151747797397,75.3430251565249,67.8087226408724,4147.63353486669,640.415713830462,1574.66922577137,75.3430251565249,3.76715125782624,0,12054.884025044,4057.22190467887,1002.06223458178,71.5758738986986,161.987504086529,5292.84751724587,203.426167922617,8950.75138859516,45.2058150939149,1766.79393992051,2414.74395626662,18.8357562891312,37.6715125782624,391.783730813929
"444",461,4,1947.58804033292,4306.46796495974,108.871381136623,1657.26435730192,205.645942146954,157.258661641788,217.742762273245,7584.70621918471,895.164689345564,2540.3322265212,169.35548176808,205.645942146954,0,21967.8253493452,3592.75557750855,2612.91314727894,205.645942146954,375.001423915034,7608.8998594373,532.260085556822,21375.0811631569,84.6777408840399,1717.74845793338,5455.66587695743,0,266.130042778411,1040.32653086106
"445",462,3,543.444245364593,541.313091461203,27.7050007440773,253.607314503477,93.7707717491847,4.26230780678112,38.3607702610301,2553.12237626189,234.426929372962,309.017315991631,102.295387362747,40.4919241644207,0,7395.10404476525,1854.10389594979,215.246544242447,0,161.967696657683,1080.49502901901,100.164233459356,3723.12586922331,238.689237179743,1941.4812059888,2975.09084913322,4.26230780678112,72.4592327152791,615.903478079872
"446",463,2,1690.67181579649,2143.84158085534,116.197375656116,1005.1072994254,290.49343914029,46.4789502624464,133.626982004533,5379.93849287817,1225.88231317202,1400.1783766562,447.359896276046,400.8809460136,0,12613.2251274714,4572.36673206816,1650.00273431685,0,482.219108972881,3712.5061522129,156.866457135757,7175.18794676516,406.690814796406,4258.63381779665,4002.99959135319,11.6197375656116,214.965144963815,424.120421144823
"447",464,4,1649.59207640688,249.518129204401,131.690123746767,166.345419469601,173.276478614168,6.9310591445667,152.483301180467,3333.83944853659,325.759779794635,797.071801625171,41.5863548674002,0,0,11055.0393355839,3181.35614735612,221.793892626135,0,651.51955958927,5808.2275631469,41.5863548674002,4844.81034205213,69.310591445667,2723.90624381471,2294.18057685158,6.9310591445667,0,665.381677878404
"448",465,3,591.519557665304,0,40.9964049867042,0,70.2795514057787,0,29.2831464190745,1030.76675395142,40.9964049867042,40.9964049867042,0,0,0,2940.02790047508,204.982024933521,11.7132585676298,0,374.824274164153,245.978429920225,76.1361806895936,1159.61259819535,46.8530342705191,515.38337697571,1071.76315893813,0,0,275.2615763393
"449",466,4,3465.11219101119,1525.22132204069,123.924232415806,805.507510702738,414.669546929812,176.353715360955,390.837963772926,7464.05184473662,1382.23182309937,2211.570916959,395.604280404303,314.576897670892,0,19775.4477035838,8236.19513901972,1444.19393930728,0,910.366476593036,6534.62010161807,266.91373135712,10295.2439237746,257.381098094366,6386.86428604538,5938.83052269593,9.5326332627543,95.326332627543,452.800079980829
"450",467,4,1226.81590622793,558.882801726059,27.2625756939541,81.7877270818623,272.625756939541,13.631287846977,13.631287846977,3925.81089992939,395.307347562334,899.664997900485,0,0,0,12063.6897445747,572.514089573036,381.676059715357,0,381.676059715357,4484.69370165545,190.838029857679,5875.08506204711,13.631287846977,3039.77718987588,2876.20173571216,0,0,558.882801726059
"451",468,4,2325.53930553334,93.489017307873,204.507225360972,0,473.288150121107,17.5291907452262,344.740751322782,4306.3378597439,1075.12369904054,1419.86445036332,17.5291907452262,0,0,13900.6482609644,1723.70375661391,362.269942068008,0,893.988728006535,5393.14768594792,116.861271634841,4925.70259940856,58.4306358174206,2939.06098161626,2611.8494210387,0,0,578.463294592464
"452",469,4,2112.50716495279,27.7961469072736,55.5922938145472,0,315.022998282434,18.5307646048491,240.899939863038,4187.95280069589,806.088260310935,908.007465637605,0,0,0,12999.3313703016,1019.1920532667,46.3269115121227,0,759.761348798812,4373.26044674438,37.0615292096982,4660.48729811954,27.7961469072736,3252.14918815101,2501.65322165463,18.5307646048491,0,546.657555843048
"453",470,3,758.290142247415,0,45.3677862883069,0,220.357819114633,0,38.8866739614059,2398.01156095336,77.7733479228118,84.2544602497128,12.962224653802,0,0,7304.21359241741,103.697797230416,12.962224653802,19.443336980703,304.612279364346,758.290142247415,116.660021884218,2663.7371663563,51.8488986152079,1341.5902516685,2086.91816926212,0,0,440.715638229267
"454",471,3,566.415590496085,7.86688320133452,7.86688320133452,0,180.938313630694,0,47.2012992080071,2541.00327403105,31.4675328053381,15.733766402669,0,0,0,8142.22411338122,511.347408086744,0,0,62.9350656106761,1589.11040666957,180.938313630694,2729.80847086308,15.733766402669,1557.64287386423,2454.46755881637,7.86688320133452,0,173.071430429359
"455",472,4,1084.03662866166,248.425060734964,45.1681928609026,124.212530367482,203.256867874062,0,116.684498223998,4716.31213789258,237.133012519739,195.728835730578,0,0,0,13727.3666136426,365.109558958963,271.009157165416,0,184.436787515352,1746.50345728823,195.728835730578,5235.74635579296,48.9322089326445,2100.32096803197,3274.69398241544,15.0560642869675,0,986.172210796373
"456",473,2,1430.72503994474,133.435495953395,133.435495953395,66.7177479766975,185.327077713049,7.41308310852195,126.022412844873,3039.364074494,74.1308310852195,155.674745278961,0,0,0,10348.6640194966,96.3700804107853,81.5439141937414,7.41308310852195,355.827989209053,1564.16053589813,126.022412844873,3550.86680898201,7.41308310852195,1578.98670211517,2149.79410147136,0,0,400.306487860185
"457",474,4,1028.48302584935,819.300037541005,0,583.969175694121,278.910651077789,69.7276627694472,43.5797892309045,4575.87786924497,950.039405233719,1194.08622492678,8.7159578461809,8.7159578461809,0,14555.6496031221,1411.98517108131,671.12875415593,26.1478735385427,366.070229539598,4793.7768153995,191.75107261598,5604.36089509432,78.4436206156281,2030.81817816015,2553.775648931,0,0,522.957470770854
"458",475,3,1283.90527018671,194.531101543441,73.9218185865075,112.828038895196,112.828038895196,15.5624881234753,112.828038895196,2684.52920129948,167.296747327359,330.70287262385,3.89062203086882,0,0,7812.36903798459,2626.16987083645,245.109187944736,3.89062203086882,342.374738716456,3124.16949078766,81.7030626482452,3415.96614310282,58.3593304630323,1322.8114904954,1217.76469566194,0,0,381.280959025144
"459",476,3,1308.63786851951,35.0975673549293,60.1672583227359,10.0278763871227,55.1533201291746,10.0278763871227,85.2369492905426,1965.46377187604,135.376331226156,551.533201291746,0,5.01393819356133,0,4617.83707626998,2667.41511897463,25.0696909678066,15.041814580684,255.710847871628,2201.11886697342,45.1254437420519,2191.0909905863,165.459960387524,1228.41485742253,1328.69362129375,30.083629161368,0,391.087179097784
"460",477,3,1631.04761198807,349.510202568872,64.7241115868281,155.337867808387,122.975812014973,16.181027896707,80.9051394835351,2475.69726819617,216.825773815874,310.675735616775,29.1258502140726,3.2362055793414,3.2362055793414,5446.53399003158,10139.0320800766,181.227512443119,9.70861673802421,119.739606435632,5378.57367286541,71.1965227455109,2941.71087162134,410.998108576358,1608.39417293268,1831.69235790723,42.0706725314382,0,362.455024886237
"461",478,3,1477.87559801005,67.7924586243142,122.026425523766,0,27.1169834497257,54.2339668994514,108.467933798903,1952.42280838025,27.1169834497257,1016.88687936471,0,0,0,4691.23813680254,1152.47179661334,27.1169834497257,27.1169834497257,40.6754751745885,4081.10600918372,108.467933798903,1993.09828355484,40.6754751745885,840.626486941496,705.041569692868,0,0,230.494359322668
"462",479,3,630.996782245701,69.558700405038,29.8108716021591,19.8739144014394,14.9054358010796,14.9054358010796,19.8739144014394,163.959793811875,59.6217432043182,248.423930017993,4.96847860035985,0,0,720.429397052179,536.595688838864,24.8423930017993,0,39.7478288028788,730.366354252899,34.779350202519,432.257638231307,44.7163074032387,99.3695720071971,14.9054358010796,4.96847860035985,0,104.338050607557
"463",480,3,534.810087602281,20.5696187539339,20.5696187539339,0,41.1392375078678,41.1392375078678,0,534.810087602281,51.4240468848347,647.942990748918,0,0,0,3373.41747564516,20.5696187539339,20.5696187539339,10.2848093769669,102.848093769669,2170.09477854003,51.4240468848347,2180.37958791699,0,329.113900062942,123.417712523603,0,0,257.120234424174
"464",481,3,201.868748589367,0,13.4579165726244,0,50.4671871473417,0,33.6447914315611,736.820932351188,3.36447914315611,13.4579165726244,0,0,0,2439.24737878818,53.8316662904978,3.36447914315611,0,121.12124915362,444.111246896607,70.6540620062783,1029.53061780577,3.36447914315611,434.017809467138,296.074164597738,0,0,134.579165726244
"465",482,4,900.586851211028,592.052466999843,0,433.615891323828,158.436575676014,0,0,5111.66425733667,375.244521337928,500.326028450571,8.33876714084285,0,0,14734.6015378693,883.909316929343,283.518082788657,25.0163014225286,133.420274253486,542.019864154786,150.097808535171,5036.61535306908,75.0489042675857,2835.18082788657,3235.44165064703,8.33876714084285,0,725.472741253328
"466",483,3,1141.81221341004,0,79.2925148201417,0,142.726526676255,0,79.2925148201417,2902.10604241719,158.585029640283,95.1510177841701,0,0,0,8975.91267764004,269.594550388482,0,0,317.170059280567,4757.5508892085,126.868023712227,3980.48424397111,0,1839.58634382729,1855.44484679132,0,0,824.642154129474
"467",484,3,599.417545225404,0,0,0,149.854386306351,0,18.7317982882939,2397.67018090162,299.708772612702,37.4635965765878,0,0,0,10452.343444868,1517.2756613518,18.7317982882939,0,131.122588018057,6106.56624198381,37.4635965765878,7155.54694612826,18.7317982882939,1910.64342540598,2079.22961000062,18.7317982882939,0,430.831360630759
"468",485,3,811.856007438741,0,29.8476473323067,0,77.6038830639973,0,83.5734125304587,2507.20237591376,155.207766127995,149.238236661533,0,0,0,7515.63759827482,310.415532255989,17.908588399384,0,370.110826920603,1862.49319353594,161.177295594456,3319.0583833525,95.5124714633813,2405.72037498392,1910.24942926763,0,0,268.62882599076
"469",486,3,407.510337802362,0,29.6371154765354,0,59.2742309530709,0,7.40927886913386,2637.70327741165,37.0463943456693,29.6371154765354,0,0,0,8090.93252509417,437.147453278898,0,0,385.282501194961,326.00827024189,118.548461906142,2882.20948009307,59.2742309530709,1592.99495686378,2837.75380687827,0,0,429.738174409764
"470",487,3,812.754152865474,0,24.2613179959843,0,121.306589979921,0,103.110601482933,3123.64469198298,24.2613179959843,60.6532949899607,0,0,0,10747.763872221,1291.91518328616,0,12.1306589979921,115.241260480925,849.14612985945,145.567907975906,4130.48938881632,36.3919769939764,2638.41833206329,2547.43838957835,0,0,582.271631903623
"471",488,3,244.836713355631,0,0,0,35.8297629300923,0,5.97162715501538,1737.74350210948,23.8865086200615,29.8581357750769,0,0,0,5804.42159467495,47.7730172401231,11.9432543100308,0,0,1307.78634694837,107.489288790277,2573.77130381163,0,1152.52404091797,1158.49566807298,0,0,418.013900851077
"472",489,3,910.057521131491,15.1676253521915,60.6705014087661,0,0,0,15.1676253521915,2002.12654648928,257.849630987256,500.53163662232,0,0,0,7159.1191662344,864.554645074917,0,0,136.508628169724,1167.90715211875,30.335250704383,5172.16024509731,30.335250704383,1122.40427606217,2199.30567606777,0,0,197.17912957849
"473",490,3,137.681041066328,0,0,0,52.6427509959488,0,0,1559.03531795695,8.09888476860751,153.878810603543,0,0,0,5280.4728691321,631.713011951386,12.1483271529113,0,105.285501991898,878.728997393915,16.197769537215,3081.62565445516,8.09888476860751,1267.47546628708,1413.25539212201,0,0,287.510409285567
"474",491,2,858.013883914159,0,42.9006941957079,0,128.702082587124,0,42.9006941957079,3389.15484146093,42.9006941957079,171.602776782832,0,0,0,12569.9033993424,1801.82915621973,128.702082587124,0,42.9006941957079,9609.75549983858,343.205553565664,5534.18955124632,171.602776782832,2616.94234593818,7421.82009585747,0,0,1673.12707363261
"475",492,3,803.934571015945,0,29.4122404030224,0,163.401335572347,0,52.2884273831509,2552.32886164005,140.525148592218,78.4326410747263,3.26802671144693,0,0,7519.72946303939,513.080193697168,49.020400671704,0,464.059793025464,4918.38020072763,228.761869801285,3513.12871480545,35.9482938259162,1388.91135236495,1444.46780645954,362.750964970609,0,581.708754637554
"476",493,3,0,0,0,0,0,0,0,0,0,0,0,0,0,16.4472745771179,0,0,0,0,18.274749530131,0,5.4824248590393,0,1.8274749530131,0,0,0,0
"477",494,3,1065.98349525598,80.3505147177873,26.7835049059291,53.5670098118582,257.121647096919,0,96.4206176613447,2298.02472092872,417.822676532494,401.752573588936,0,0,0,7617.22879524623,203.554637285061,16.0701029435575,0,841.002054046174,2324.80822583465,96.4206176613447,2448.01234840192,16.0701029435575,766.008240309572,1365.95875020238,5.35670098118582,0,176.771132379132
"478",495,3,120.918882391874,0,8.06125882612494,0,0,0,16.1225176522499,56.4288117828746,32.2450353044998,24.1837764783748,0,0,0,177.347694174749,64.4900706089995,0,0,104.796364739624,8.06125882612494,0,96.7351059134993,0,32.2450353044998,72.5513294351245,0,0,0
"479",496,3,273.44883584734,0,0,0,71.0966973203083,5.46897671694679,5.46897671694679,989.884785767369,38.2828370186275,382.828370186275,32.8138603016807,0,0,2433.69463904132,235.165998828712,82.0346507542019,0,109.379534338936,2636.04677756835,175.007254942297,1886.79696734664,32.8138603016807,700.029019769189,344.545533167648,43.7518137355743,0,136.72441792367
"480",497,4,1543.87099879325,358.677100729744,62.3786262138686,218.32519174854,483.434353157482,46.7839696604014,124.757252427737,5239.80460196496,1154.00458495657,1933.73741262993,15.5946565534671,0,0,15922.14434109,888.895423547628,436.65038349708,0,1169.59924151004,8421.11453887226,77.9732827673357,8343.14125610493,436.65038349708,1918.14275607646,1949.33206918339,46.7839696604014,0,140.351908981204
"481",498,3,1329.79459194457,0,120.890417449506,0,268.645372110014,0,120.890417449506,2270.05339432962,604.452087247532,1061.14921983456,0,0,0,7831.01259700692,255.213103504514,40.2968058165022,0,1813.3562617426,2887.93775018265,0,3129.71858508167,67.1613430275036,1074.58148844006,993.987876807053,13.4322686055007,0,161.187223266009
"482",499,4,2300.34192788907,1383.40007607773,121.406935083034,817.899352138335,146.966289837357,31.9491934429037,201.279918690293,4089.49676069168,766.780642629689,1392.9848341106,252.398628198939,118.212015738744,0,11140.6837535405,4773.20950036981,629.399110825203,6.38983868858074,990.424996730015,6428.17772071223,329.076692461908,7578.34868465676,754.000965252528,3143.80063478173,3626.23345576957,6.38983868858074,159.745967214519,463.263304922104
"483",500,4,2926.23242446678,2035.77508021852,105.673820957908,1098.69693260649,446.005685513524,9.32416067275659,301.481195085796,7662.90604622712,2104.1522584854,2893.59786211213,83.9174460548093,160.064758215655,0,24236.601642052,4865.65784440015,1961.18179483647,12.4322142303421,1411.05631514383,11190.5468340867,270.400659509941,9704.89723356082,500.39662277127,4559.51456897797,5115.85615578578,10.8781874515494,136.754356533763,672.893595217267
"484",501,4,4287.07415922923,2997.87716564953,120.793585429102,1901.94990875641,309.670828100062,8.78498803120743,228.409688811393,7592.42590597102,2486.1516128317,2767.27122983034,59.2986692106501,140.559808499319,0,17172.4553540027,7994.33910839876,1212.32834830663,8.78498803120743,1045.41357571368,5260.01158368545,281.119616998638,10254.2772794269,1565.92411656272,13076.4546844523,9672.27182235938,4.39249401560371,101.027362358885,722.565265566811
"485",502,4,2452.57395213003,1020.01088870044,73.0899522157956,539.241425236536,406.055290087753,25.9875385656162,141.307240950538,7744.28649255363,872.206763108494,2215.43766271878,27.6117597259672,3.24844232070203,0,16300.6835652828,3154.23749340167,1094.72506207658,0,542.489867557239,5676.65295542679,297.232472344235,7950.56257991821,510.005444350218,15093.887243142,8790.28491981969,64.9688464140405,1.62422116035101,1044.3742061057
"486",503,4,2818.48215617556,729.821559753614,197.576002364238,237.897635499797,391.11984141492,44.3537964491147,302.412248516691,5733.73623187646,415.312821296255,2092.6927597355,56.4502863897823,0,4.03216331355588,17543.9425772816,2931.38272895512,612.888823660493,0,806.432662711176,9947.34689454235,258.058452067576,8024.0049939762,100.804082838897,5665.18945554601,5471.64561649533,52.4181230762264,0,399.184168042032
"487",504,4,1519.20607137325,1140.60266557361,76.6791707948642,234.829960559272,153.358341589728,4.79244817467901,71.8867226201852,4337.16559808451,819.508637870111,2448.94101726098,14.377344524037,14.377344524037,0,10533.8010879445,2640.63894424814,853.055775092865,0,14.377344524037,3709.35488720156,484.03726564258,5971.39042565005,608.640918184235,6800.48395986952,11444.3662411335,4.79244817467901,9.58489634935803,632.60315905763
"488",505,4,2260.3978157647,7310.65599873449,162.911554289348,2046.57640075993,10.1819721430842,244.367331434022,132.365637860095,6597.91794871859,2321.48964862321,7127.38050015897,763.647910731319,1221.83665717011,0,24925.4678062702,7320.83797087757,6903.37711301112,0,40.727888572337,19549.3865147218,784.011855017487,37836.2084837011,814.55777144674,824.739743589824,3492.4164450779,0,407.27888572337,213.821415004769
"489",506,4,3241.13156158745,542.949353020044,252.149360555071,220.860753770865,327.61011809345,20.2455690956626,303.68353643494,4547.8910213984,1093.26073116578,1709.83033544278,16.5645565328149,44.172150754173,0,14170.0578606824,2017.19488444057,450.92403894885,14.724050251391,3127.02017213917,9914.80733803042,106.749364322585,7137.48335936179,93.8658203526177,3187.75687942615,2077.93159172756,34.9696193470537,7.36202512569551,548.470871864315
"490",507,4,2421.93284980533,641.986028130217,162.234736350596,206.26987907433,234.081548163003,76.4820899938525,224.810991800112,4832.27750415705,665.162419037445,2178.58074527944,106.611398173249,55.6233381773473,9.27055636289121,12883.7557053281,4072.09188239997,978.043696285023,20.8587518165052,1423.0304017038,11312.396401818,234.081548163003,8549.77060567642,166.870014532042,3914.49242423082,3933.0335369566,25.4940299979508,50.9880599959017,405.586840876491
"491",508,4,2407.66477273516,1797.17427480516,54.8755503757301,720.241598681458,219.50220150292,82.3133255635952,96.0322131575277,6207.79663625447,1255.27821484483,2702.62085600471,144.048319736292,185.204982518089,0,18006.0399670364,10220.5712574797,1783.45538721123,41.1566627817976,1543.37485431741,15227.9652292651,226.361645299887,12964.3487762662,102.891656954494,5741.35445806076,4191.12015994639,27.4377751878651,20.5783313908988,1001.47879435707
"492",509,4,1642.70674349352,206.404481788906,44.3513762521615,51.1746649063402,237.10928073271,20.4698659625361,115.995907121038,4505.07633392148,334.341144054756,1047.37480841643,13.6465773083574,119.407551448127,0,14180.4996455469,2985.18878620318,463.983628484151,46.0571984157062,562.921313969742,9562.83904883144,98.9376854855911,7889.42750639412,170.582216354467,3879.03959990059,3319.52993025794,10.234932981268,40.9397319250722,718.151130852308
"493",510,4,2238.48056993789,366.171204341691,96.7244690713902,89.8155784234337,207.266719438693,6.90889064795644,158.904484902998,3924.24988803926,559.620142484472,1713.4048806932,20.7266719438693,0,0,14349.7658758055,2646.10511816732,407.62454822943,0,863.611330994555,9886.62251722567,200.357828790737,5651.47255002837,82.9066877754773,2970.82297862127,3758.4365124883,0,0,794.522424514991
"494",511,4,2086.1374436046,594.54917142731,48.6765403507739,351.16646967344,330.305095237394,118.214455137594,59.1072275687969,5802.93898896012,431.135071678283,2517.27251528288,76.4917062655018,257.290284711233,0,20586.699672638,4478.2417122712,1241.25177894473,219.044431578483,66.0610190474789,15315.7257317971,267.720971929256,15437.417082674,118.214455137594,3230.03614184778,3494.2802180377,27.8151659147279,236.428910275188,1154.32938546121
"495",512,4,2871.55542030268,34.8973748995118,109.677463969894,14.9560178140765,219.354927939788,34.8973748995118,149.560178140765,6391.20494588202,314.076374095606,2721.99524216192,94.7214461558177,149.560178140765,9.97067854271766,18022.0014659622,5463.93184140928,648.094105276648,184.457553040277,673.020801633442,19168.6294983747,463.636552236371,16835.4907193788,259.237642110659,5354.25437743938,5947.50975073108,49.8533927135883,294.135017010171,423.7538380655
"496",513,4,2907.50293107974,1282.86756243552,74.2973491758026,517.604865924758,361.580432655572,47.0549878113416,113.922602069564,6496.064896271,842.036623992429,1869.81662092436,17.3360481410206,225.368625833268,0,17519.3149356542,5522.76962206799,1778.18322360754,106.492867151984,636.480624606042,7097.873424595,586.94905848884,12821.2458894377,1572.62722422115,9710.66353727739,12561.2051673224,7.42973491758026,37.1486745879013,1114.46023763704
"497",514,3,2394.7629169874,5.82667376395961,110.706801515232,0,198.106907974627,5.82667376395961,233.066950558384,3956.31148572857,291.33368819798,489.440596172607,11.6533475279192,0,0,9934.47876755113,2237.44272536049,99.0534539873133,0,1019.66790869293,6887.12838900025,99.0534539873133,5133.29958604841,99.0534539873133,1858.70893070311,2103.42922878942,23.3066950558384,0,186.453560446707
"498",515,4,4492.19366858513,461.75265315853,131.929329473866,184.701061263412,412.279154605831,42.8770320790064,465.050886395377,6072.04738903467,751.997178001035,1259.92509647542,145.122262421252,3.29823323684664,0,17995.1605402353,6293.0290159034,286.946291605658,0,860.838874816974,4442.72017003243,283.648058368811,7734.35694040538,244.069259526652,7450.70888203657,6969.16682945696,6.59646647369329,0,936.698239264447
"499",516,4,3402.38520418487,745.660618043419,103.701145555707,301.227137090388,508.629428201803,98.7629957673403,143.206343862643,7693.63737027581,666.650221429547,1377.7437909544,69.1340970371382,29.6288987302021,0,24019.1605706172,1669.09462846805,2464.13674439514,9.87629957673403,508.629428201803,9486.18574345304,725.908018889951,13021.9009919238,232.09304005325,6098.61498863326,8123.25640186374,44.4433480953031,0,1728.35242592846
"500",517,4,1256.77908026153,420.666087496176,42.7972942613975,136.742574347392,174.32068638179,36.5342755889979,80.3754062957954,5754.67032348987,279.748167367184,790.184189167754,8.35069156319952,18.7890560171989,0,14997.8420475063,2240.07301182827,1125.25568814113,7.30685511779958,419.622251050776,5298.51379685009,390.394830579577,8556.3273429433,432.148288395575,6080.34729445465,5481.18517479508,9.39452800859946,14.6137102355992,1231.72700557193
"501",518,4,3070.62813334185,2554.16162773389,140.854501529443,1295.86141407087,507.076205505994,112.683601223554,84.5127009176656,6986.38327586036,2403.91682610249,4422.8313480245,516.466505607957,328.6605035687,9.39030010196285,27616.8725998727,20508.4154226869,2976.72513232222,0,788.785208564879,12977.3947409127,234.757502549071,19494.2630116749,197.19630214122,3746.72974068318,4873.56575291872,0,37.5612004078514,169.025401835331
"502",519,2,2132.83171567527,366.714050000292,119.704586269525,157.706042228105,196.657534585649,37.051419559615,105.454040285058,5243.250885885,404.715505958871,1351.90179572646,17.1006551813608,12.3504731865383,0,12977.4972098549,6632.20410117108,1004.18847370546,14.2505459844673,374.314341192008,7244.97757850318,197.607570984613,8027.80757124991,296.41135647692,7708.59534119785,6836.46192694845,12.3504731865383,6.65025479275141,793.280393135347
"503",520,4,2279.66098702251,349.708300981402,139.883320392561,155.183058560497,201.082273064306,57.9204373500447,195.618080861472,5177.86853140588,596.689788549517,1639.25766085032,149.718866357663,10.9283844056688,0,12538.1354286238,4372.44660070809,1005.41136532153,19.6710919302039,901.591713467677,7772.26698931165,236.053103162446,7268.46846821032,242.610133805847,7163.5559779159,6209.50801930102,28.4137994547389,1.09283844056688,508.169874863599
"504",521,4,3993.68266136275,907.383803478533,161.18001772316,286.542253730063,376.086708020708,83.5748240046017,280.57262344402,7509.79489984207,782.021567471631,4178.74120023009,125.362236006903,23.8785211441719,17.9088908581289,19980.3525673859,2549.03213214035,1343.16681435967,0,1522.25572294096,11772.1109240768,650.689701178685,11736.2931423605,537.266725743868,6948.64965295403,9061.89877421324,5.96963028604298,0,334.299296018407
"505",522,2,1963.68924514459,730.174500091707,79.4747755201858,357.636489840836,286.44033677067,18.2129693900426,150.670928590352,4993.66506185168,571.224949051336,1685.52753082394,34.7702142900813,9.93434694002323,0,11595.0386034971,1995.14801045467,420.554020460983,0,1056.35222462247,4664.17588834091,339.423520450794,6692.43838859565,1139.13844912266,7319.95797030712,7055.0420519065,13.245795920031,4.96717347001161,397.373877600929
"506",523,4,2539.06643425667,1028.72325580948,171.10181462129,576.676486316199,181.663655030011,6.33710424523296,217.573912419665,5407.66228926546,771.014349836677,1364.58978080683,103.506036005472,6.33710424523296,2.11236808174432,14564.7779236271,3350.21577764649,760.452509427955,0,1444.85976791311,6603.26262353274,274.607850626762,6178.67663910214,1043.50983238169,4864.78369225717,4577.50163313994,42.2473616348864,2.11236808174432,809.036975308074
"507",524,4,3818.49427913207,1733.36188905862,239.611790546338,810.601589295058,173.336188905862,265.102406561906,86.6680944529308,7810.32474717,973.741531794693,3706.33556866357,265.102406561906,20.3924928124543,5.09812320311357,22829.3957035426,5138.90818873848,2003.56241882363,0,86.6680944529308,16421.0548372288,688.246632420333,8534.25824201212,856.484698123081,2962.00958100899,4154.97041053756,25.4906160155679,0,1050.2133798414
"508",525,2,2937.48164659329,886.493468462302,151.637040658025,431.582346488226,250.784336472888,17.4965816143875,316.882533682797,5445.32501132217,653.205713603802,2017.93907952603,112.755748181609,5.83219387146252,0,14364.6935054122,4096.14416239051,629.876938117952,0,550.170288541297,6526.22494216656,268.280918087276,9026.29204840015,353.819761535393,4965.14104923842,5052.62395731036,25.2728401096709,0,1164.49470966868
"509",526,4,2416.93574846837,908.60310884913,157.010735523504,558.546387026236,257.394648399187,18.0176253879431,306.299631595032,5371.82631209103,610.025316706073,1382.20926190363,182.750200363423,0,0,15266.0765965558,3359.00016160939,561.120333510228,2.57394648399187,1186.58932912025,6141.4363108046,218.785451139309,8393.63948429749,553.398494058252,4156.92357164687,4921.38567739245,12.8697324199593,0,507.067457346398
"510",527,4,1615.5119853615,290.847294292898,75.8132757635517,102.00331648187,508.638159213647,11.0273855656075,26.1900407183179,9206.48852408658,217.790864920749,752.619064852713,64.7858901979442,4.13526958710282,0,21433.1022699539,3907.82975981217,279.819908727291,4.13526958710282,52.3800814366357,1954.60409150393,135.085473178692,10456.7183625873,512.77342880075,8724.04040559125,11053.5756063258,0,0,602.370936521311
"511",528,4,2741.55117951505,1438.37548185516,217.821874536812,476.954794244399,272.277343171015,22.5332973658771,208.433000634363,6440.76749707988,537.043587220071,1141.68706653777,159.61085634163,157.73308156114,0,16845.5175557736,8776.71932400914,1286.27572463549,1.87777478048976,681.632245317783,5811.71294561581,326.732811805218,14254.1883586978,2307.78520522191,6346.87875805539,11060.0934570847,3.75554956097952,3.75554956097952,225.332973658771
"512",529,4,1794.70707661809,128.105378152561,128.105378152561,36.9534744670848,304.250273112332,14.7813897868339,117.019335812435,5398.90261964109,274.687493538664,323.95879282811,119.482900776908,6.1589124111808,0,12434.844158174,5696.99398034224,189.694502264369,0,593.719156437829,1598.85366194254,137.95963801045,6203.25658054131,535.82537977273,5582.43820949428,9907.22650462544,2.46356496447232,0,594.950938920066
"513",530,3,1047.93417484492,951.38004325601,74.6685284287532,402.95257583103,33.4720989508204,29.6099336872642,57.932478953343,2251.64234865326,269.064180027748,575.462624269874,316.697551611608,87.5424126406072,1.2873884211854,5592.41530162938,1443.16242014883,592.198673745284,0,342.445320035316,5413.46831108461,171.222660017658,7123.12013441882,593.486062166469,1807.4933433443,1844.82760755868,2.5747768423708,20.5982147389664,260.052461079451
"514",531,4,2059.54913796482,421.722767331423,112.147882725254,113.316089836975,255.837357466985,15.1866924523781,167.053616976159,6003.41634713624,262.846600137314,797.885457305712,52.5693200274627,80.6062907087762,1.16820711172139,16915.6389777258,3045.51594025767,614.476940765453,11.6820711172139,525.693200274627,5730.05588299344,244.155286349771,8768.56258058078,607.467698095125,5415.80816994038,6399.43855800979,148.362303188617,9.34565689377115,938.070310712279
"515",532,4,2064.66934589643,837.300760795132,57.1651121828001,474.13416575146,467.408858435836,3.36265365781177,144.594107285906,7229.70536429531,548.112546223319,1203.83000949661,70.6157268140472,0,0,19301.6319958396,3366.01631146959,443.870282831154,0,860.839336399814,4909.47434040519,329.540058465554,8527.68967621066,914.641794924802,6103.21638892837,7848.43363733268,10.0879609734353,0,981.894868081038
"516",533,3,690.593599325969,801.630217256811,54.1642038687034,306.027751858174,10.8328407737407,16.249261160611,29.7903121277869,1971.57702082081,211.240395087943,1188.90427491804,75.8298854161848,2.70821019343517,0,4644.58048174132,1573.47012238584,501.018885785507,0,295.194911084434,4468.54681916803,360.191955726878,3146.94024477167,487.477834818331,663.511497391617,1936.37028830615,16.249261160611,0,132.702299478323
"517",534,4,3960.86502149607,1149.13985191553,141.808747683193,474.325811216196,713.933695232625,92.9091795165745,268.9476249164,8503.6349041749,674.814040699331,3217.59158536348,78.2393090665891,4.88995681666182,0,22014.5855886115,9369.15726072404,1110.02019738223,0,3198.03175809683,10635.6560762395,581.904861182756,12117.312991688,596.574731632742,6435.18317072695,9584.31536065716,34.2296977166327,0,792.173004299214
"518",535,4,1473.76767996498,124.283542242061,90.6933956901526,62.1417711210305,297.272796984389,10.9167976293702,169.630240087137,5038.52198278626,208.258908621832,497.973922632042,37.7889148708969,5.03852198278626,0,13021.2203108473,2320.23937307307,138.559354526622,41.1479295260878,454.306732114561,4392.75141532582,235.131025863359,7097.59796641824,153.674920474981,4606.04884593044,4742.08893946566,12.5963049569656,0,979.992525651927
"519",536,4,2536.90178811121,291.743705632789,195.341437684563,131.918892981783,205.489044837008,35.516625033557,192.804535896452,3845.9431107766,438.88400934324,1511.99346571428,271.4484913279,7.61070536433363,2.53690178811121,11050.7441890124,3292.89852096835,715.406304247362,2.53690178811121,806.734768619365,9746.77666992327,241.005669870565,7001.84893518694,81.1808572195588,1775.83125167785,1780.90505525407,65.9594464908915,0,580.950509477467
"520",537,3,1519.14693075413,93.0089957604569,132.467357598227,18.319953710393,74.6890420500639,18.319953710393,104.282813428391,2309.72339471801,346.669893288976,577.783155481627,53.5506339226873,0,0,7243.42785164771,1662.88810602029,534.097112018381,0,1137.24635725286,5770.78541877381,122.602767138784,3127.07517564324,76.0982692585557,1293.67057739545,737.025830041197,14.0922720849177,0,669.382924033592
"521",538,4,2055.98580964283,912.632105028489,130.742239765317,502.460372431416,246.103039558244,20.5085866298537,143.560106408976,5709.07780308552,323.010239420196,692.164798757562,38.4535999309757,2.56357332873171,0,15207.1169860365,2832.74852824854,769.071998619513,0,394.790292624684,5988.50729591728,240.975892900781,8546.95347799153,276.865919503025,6278.19108206396,5116.8923641485,41.0171732597074,0,1058.7557847662
"522",539,4,2060.62750372115,482.460036132174,63.9404867163122,136.600130712122,296.451347502902,87.1915727949712,116.255430393295,6184.78889692329,403.9876206167,1592.69939638814,34.8766291179885,244.136403825919,0,17801.6127789733,5368.0944984104,2266.98089266925,133.693744952289,110.44265887363,10169.4437736535,331.327976620891,12482.92683848,741.128368757255,5246.02629649744,7146.80258342781,29.0638575983237,110.44265887363,921.324285866863
"523",540,4,1798.46872699494,598.841478826423,75.827330111138,165.264693831967,192.48476105135,58.3287154701061,83.6044921738188,4102.45298806413,202.206213629701,917.705123396336,114.713140424542,243.036314458776,0,12270.4174443947,5387.62901892214,1553.48812202049,89.4373637208294,184.707598988669,11467.4254614229,149.710369706606,10757.7594232032,781.604787299422,4178.28031817527,4777.12179700169,7.77716206268082,68.0501680484572,933.259447521698
"524",541,4,388.914605349829,1245.40070252473,21.8491351320128,419.503394534647,8.73965405280514,17.4793081056103,0,1795.99890785146,205.381870240921,1092.45675660064,231.600832399336,135.46463781848,0,6891.21722063685,1612.46617274255,1634.31530787456,65.5474053960385,0,8979.99453925728,96.1361945808565,10819.6917173728,61.177578369636,485.050799930685,314.627545900985,4.36982702640257,52.4379243168308,104.875848633662
"525",542,4,1177.25998246265,486.339451652103,56.3516744987324,181.305387517661,67.3770021180496,34.301019260098,80.8524025416595,3005.01429446501,144.55429545327,683.570312397667,210.706261169173,3.67510920643907,0,7678.52816865336,1082.93217949738,662.744693561179,67.3770021180496,477.764196837079,7522.94854558077,197.230860745563,7943.13603151697,96.7778757695621,2348.39478291456,2265.09230756861,18.3755460321953,12.2503640214636,648.044256735422
"526",543,4,1390.01614880988,273.47056840716,51.3701620212345,84.6096786232098,191.882664020494,28.7068552471605,63.4572589674074,5201.98434820913,113.31653387037,847.60767335037,154.110486063704,107.272985397284,0,15196.5026355758,2338.85325908444,652.703235093333,172.241131482963,415.493957524691,6445.44444654666,151.08871182716,12031.1941227968,669.322993394321,3672.96658451827,4259.19078640765,16.6197583009876,64.968146085679,500.103636147901
"527",544,4,1544.46257232645,538.294887793976,66.5633463401154,210.301586987611,306.770204871836,8.68217560958027,176.537570728132,5101.26051371783,324.134556090997,648.269112181993,33.7640162594788,25.0818406498985,0,14499.233267999,3966.78956739934,523.824595111343,1.9293723576845,361.757317065844,2977.02154790719,128.303261786019,7370.2024063548,342.463593488999,4620.84679665439,5302.87992509586,11.576234146107,31.8346439017943,805.51295933328
"528",545,3,504.685790324547,0,31.2176777520338,0,41.6235703360451,0,78.0441943800846,2164.42565747435,41.6235703360451,109.261872132118,0,0,0,4063.5010540564,582.729984704631,0,0,114.464818424124,5858.51752479835,62.4353555040677,3371.50919721965,20.8117851680226,3080.14420486734,1108.2275601972,202.91490538822,0,260.147314600282
"529",546,2,2193.79076911501,329.539385918564,145.938870906793,54.1386134009069,202.431337064261,42.3693496181011,112.984932314936,5211.43000302643,320.123974892319,1191.04949481995,58.8463189140293,0,0,14024.2547235915,7628.83678401475,346.016355214492,0,614.355569462465,5661.01587952961,324.831680405441,7883.05288172336,524.909164713141,4154.55011533046,6350.69473720204,94.1541102624468,0,786.186820691431
"530",547,4,1025.64458320518,338.496562113919,37.2346218325311,115.088831118733,132.013659224429,23.6947593479744,88.0091061496191,4786.34138829082,226.792696616326,825.931611557963,44.0045530748095,0,0,12608.9969387435,2768.90187809186,301.261940281388,0,267.412284069996,5551.34361866828,230.177662237465,6509.28888945067,287.722077796832,3049.85402464641,4160.12274838007,47.3895186959487,3.38496562113919,423.120702642399
"531",548,4,1247.7258129341,211.683137918474,41.3040269109218,80.8870527005552,283.965185012588,10.3260067277305,122.191079611477,3708.75741637652,273.639178284857,473.275308354313,15.4890100915957,1.72100112128841,0,9295.1270560787,1485.2239676719,94.6550616708625,5.16300336386523,333.874217529951,1564.39001925116,111.865072883747,4681.12304990447,153.169099794668,4288.73479425072,5280.03144011284,13.7680089703073,0,633.328412634135
"532",549,4,1671.75366371959,0,109.983793665763,0,557.251221239865,0,117.316046576814,5924.46035212909,359.280392641492,205.303081509424,0,0,0,13725.9774494872,1979.70828598373,7.33225291105085,0,637.906003261424,681.899520727729,168.64181695417,4333.36147043105,95.3192878436611,3600.13617932597,4142.72289474373,7.33225291105085,0,373.944898463593
"533",550,4,1441.79541809178,271.143615939648,55.9502699558003,136.289119123103,245.320414421586,24.3885792115027,93.2504499263339,6371.15766342844,175.023921400196,563.80656647768,55.9502699558003,0,0,16053.423610395,7560.45955556584,163.546942947724,0,324.22464128233,1701.46205557895,233.843435969114,7003.82610062095,469.121494244787,3925.12663074538,7947.80757833676,0,0,664.230127936809
"534",551,4,1479.24236824136,444.295410955885,66.2087279071515,167.264154712804,255.252069431518,20.036851866638,121.09227867229,5140.75925500133,259.607906793831,571.485861935413,95.8284219708772,4.3558373623126,0,13266.1382706593,4232.13158122292,386.798357773359,0.87116747246252,284.871763495244,3796.54784499166,155.938977570791,7386.62899900971,412.933381947235,6107.75514943473,6963.24160739293,60.9817230723764,2.61350241738756,776.210217964106
"535",552,4,1477.34123747655,300.697773999653,52.2952650434179,130.738162608545,400.93036533287,0,139.454040115781,5905.0070111526,191.749305159199,309.413651506889,0,0,0,14490.1463557804,4196.69501973428,82.800836318745,0,771.355159390414,431.435936608197,95.8746525795994,5534.58221709506,431.435936608197,4022.37746958956,6327.72707025356,0,0,374.782732811161
"536",553,3,913.249287688081,65.7741869249033,51.4387872105013,38.7899051095584,108.780386068109,10.1191056807544,50.5955284037718,1708.44234243403,211.657960489112,354.168698826403,64.0876693114443,0,0,4346.155889884,2469.06178610406,78.4230690258463,0,288.394511901499,2889.00467185537,80.9528454460349,2291.97743669086,500.052472390611,1619.90016772743,2721.19616931619,2.52977642018859,0,177.084349413201
"537",554,4,677.298598076503,103.957459239649,44.1031645259119,42.5280515071293,140.185058671648,1.57511301878257,31.5022603756513,5681.43265874872,274.069665268167,223.666048667124,11.025791131478,0,0,15193.5401791766,4118.92054411641,58.2791816949549,1.57511301878257,305.571925643818,2041.34647234221,53.5538426386073,8556.0139180269,403.228932808337,3706.24093319538,7103.75971470937,0,0,291.395908474775
"538",556,3,1354.99638510649,144.691825042778,86.8150950256669,80.0060679648303,97.0286356169219,40.8541623650197,73.1970409039937,2818.93720318636,185.545987407798,260.445285077001,154.905365634033,1.70225676520916,0,6211.53493624821,3697.30169403429,415.350650711034,13.6180541216732,282.57462302472,6284.7319771522,83.4105814952486,5397.85620247823,265.552055372628,3128.74793445443,3203.64723212363,161.71439269487,1.70225676520916,645.15531401427
"539",557,3,1431.12259967441,9.21323562022151,157.648698390457,1.02369284669128,70.6348064216982,24.5686283205907,79.8480420419197,2093.45187148366,107.487748902584,286.633997073558,144.34069138347,2.04738569338256,0,5338.55819549502,4525.74607522214,156.625005543766,0,593.741851080942,6786.05988071649,153.553927003692,5174.76734002441,404.358674443055,1844.69450973768,2706.64388665174,3.07107854007384,0,130.008991529792
"540",560,4,1046.49936248515,30.6666479849127,50.599969175106,9.19999439547382,430.866404188024,0,78.9666185611502,5612.76324743865,157.166570922678,118.066594741914,3.06666479849127,0,0,13388.2918440133,2920.99822056294,7.66666199622818,0,308.966478447996,381.03310121254,92.766610154361,5237.09680962347,501.399694553323,3686.13108778651,7869.82853912823,0.766666199622818,0,367.23310961933
"541",561,3,11.1409133262484,0,0,0,6.18939629236023,0,0,160.924303601366,0,0,0,0,0,450.588050083824,100.268219936236,1.23787925847205,0,2.47575851694409,9.90303406777636,0,196.822802097055,8.66515480930432,86.6515480930432,165.875820635254,0,0,55.704566631242
"542",562,4,2606.70327594355,271.874372333156,145.730931567628,115.957945548435,403.502310523272,25.8554878587728,260.121877851896,5132.70608978244,402.718810891188,867.334092717014,47.0099779250414,0.783499632084023,0,15763.2290978985,4126.69256218655,141.029933775124,16.4534922737645,634.634701988059,2109.96450920228,303.214357616517,7013.88870641618,496.738766741271,3307.93544665875,6158.30710818042,2.35049889625207,0,589.191723327186
"543",563,4,1226.76544616865,120.92402255091,40.30800751697,63.0907943743879,322.46406013576,0,78.8634929679849,6177.64028249215,145.459331474283,129.686632880686,0,0,0,15444.9769672633,3487.51891125089,47.3180957807909,0,276.898486420925,417.100251697342,178.757250727432,5403.02552933994,257.620743695417,3427.93316100841,7537.5974056734,3.50504413191044,0,436.377994422849
"544",564,4,1862.53609633326,1707.32475497215,137.640246112678,617.916849569681,278.209008100093,193.282047732696,58.5703174947565,6436.87789267374,571.060595573876,1730.75288197005,234.281269979026,29.2851587473782,0,18107.013653504,16194.6927873002,714.557873436029,105.426571490562,459.776992333838,2401.38301728502,248.923849352715,12481.3346581326,272.351976350618,2752.80492225355,5605.17938424819,2.92851587473782,2.92851587473782,412.920738338033
"545",565,4,2516.14006854256,1924.18297399564,147.022023482241,588.088093928962,206.346699624197,128.966687265123,216.664034605407,4793.69176564463,724.792782429993,1684.30493568251,197.319031515639,20.6346699624197,2.57933374530247,13901.3192203076,10933.7957463372,967.250154488425,15.4760024718148,789.276126062555,5296.66184597861,314.678716926901,12091.916597978,368.844725578253,3514.34222797461,4725.33942139412,3.8690006179537,14.1863355991636,455.252406045885
"546",566,4,1945.99652714824,381.855922308335,144.419868052511,234.988259882052,367.169156065707,14.6867662426283,200.719138649253,4489.2548814967,418.572837914905,599.709621573987,24.4779437377138,0,0,14319.5970865626,4618.98798330659,171.345606163996,0,609.500799069073,2504.09364436812,252.122820498452,7392.33900878956,88.1205974557696,2971.62236975845,4100.05557606706,7.34338312131413,0,646.217714675643
"547",567,3,2049.7260974844,303.084499170712,151.542249585356,115.609551230065,262.464927116905,4.68687369851616,199.973277803356,3694.81876566357,431.192380263486,585.85921231452,60.9293580807101,3.12458246567744,0,10058.0309570157,1885.68551803633,212.471607666066,0,967.058273127167,2830.87171390376,212.471607666066,5100.88087521842,651.475444093746,3010.53520568021,5208.67897028429,51.5556106836777,0,995.179515318264
"548",568,4,2302.40771840511,528.22313679697,100.805942136826,282.256637983114,520.158661426024,0,137.096081306084,6129.00128191904,512.094186055078,701.609357272311,0,0,0,15846.6941039091,2044.34450653484,153.225032047976,0,919.350192287856,1213.70354332739,266.127687241222,6379.00001841837,1294.34829703685,6431.41910832952,8241.89382910692,8.06447537094611,0,1213.70354332739
"549",569,4,1399.79245407912,8.31148414099429,70.6476151984515,0,362.242183811668,4.15574207049715,147.528843502649,4655.12374263522,284.668331829054,451.590638327357,6.92623678416191,0,0,13231.8827524629,2377.08446432437,113.590283260255,0,578.340771477519,2159.60062930168,105.278799119261,5457.18196224117,211.250221916938,3727.00801355752,4732.00497093942,5.54098942732953,0.692623678416191,413.496336014466
"550",570,3,506.391788767844,30.3835073260706,22.787630494553,0,60.7670146521413,2.53195894383922,10.1278357753569,2324.3383104444,98.7463988097296,205.088674450977,15.1917536630353,0,0,5306.985946287,1319.15060974023,258.2598122716,0,394.985595238918,6641.32830969027,73.4268093713374,4755.01889653005,134.193824023479,2131.90943071262,1878.7135363287,15.1917536630353,0,260.79177121544
"551",571,4,2008.8380708832,166.069282752296,88.0367282060364,20.0083473195537,354.147747556101,20.0083473195537,128.053422845144,5176.15945156855,114.047579721456,448.186979958004,24.0100167834645,50.0208682988843,0,16006.677855643,3023.26127998457,662.276296277229,18.0075125875984,688.287147792649,3973.65777766337,218.090985783136,7979.32891103803,670.27963520505,3833.5993464265,6068.53174202065,6.00250419586612,14.0058431236876,412.171954782807
"552",572,4,1373.98707612399,352.570268590308,63.5144969151658,86.8463529248185,98.5122809296449,45.367497796547,81.6614960337846,2779.08329359419,160.730563622052,632.552540706141,250.169344992388,73.8842106972337,1.29621422275849,7433.78856751991,1652.67313401707,751.804249199921,23.3318560096527,609.220684696488,8560.19872709704,156.841920953777,6836.23381082825,208.690489864116,1835.43933942602,1653.96934823983,14.2583564503433,33.7015697917206,458.859834856504
"553",573,3,914.110259577969,81.7888126990814,20.8481287272168,12.8296176782873,166.785029817735,35.28144861529,60.9406839718646,3496.07081733328,253.384949146174,383.284828138833,139.522092251374,145.936901090518,0,8706.49929692771,1926.04635395288,447.432916530269,35.28144861529,203.670180642811,3014.96015439751,84.9962171186532,6086.04988613753,412.151467914979,3751.05946868924,3184.95258863482,6.41480883914364,83.3925149088673,125.088772363301
"554",574,4,3267.02386753616,1179.9181103316,94.7379504645811,577.040243738812,350.243332020573,200.959288864263,261.247075523542,6887.16191407667,1082.30931288325,2288.06504606882,183.734206961612,152.154890140085,0,20581.1020266843,8293.87693612651,2302.4192809877,71.7711745943797,795.224614505727,9407.76556583129,404.789424712301,10352.2742234933,358.855872971898,5672.79363993977,6077.58306465207,28.7084698377519,103.350491415907,459.33551740403
"555",575,4,2852.12397172433,1472.83594878518,143.585188507861,687.468478310364,311.101241767032,65.2659947763004,189.271384851271,7844.9725721113,1005.09631955503,1866.60745060219,180.569252214431,169.691586418381,0,20761.1129383411,6222.02483534063,1544.62854303911,34.8085305473602,593.920552464333,5799.97140245389,402.473634453852,11201.8202367724,1509.82001249175,9546.23950261353,10570.9156206014,13.0531989552601,91.3723926868205,985.516521122135
"556",576,4,3671.86543739702,578.921849983764,109.887943746918,195.654143744513,627.165337482411,18.7613562494738,391.308287489026,6748.72786231073,1629.5577999543,2382.69224368318,64.3246499981961,0,0,19420.6839119554,5145.97199985568,511.917006235643,0,1449.98481870934,2975.01506241657,150.090849995791,6955.10278105495,233.176856243461,6475.3480998184,4722.50138736756,10.7207749996993,0,1318.65532496302
"557",577,3,346.251517734514,62.8155408279428,12.2566908932571,24.5133817865143,7.66043180828571,7.66043180828571,22.9812954248571,677.182171852456,62.8155408279428,304.885185969771,75.0722317211999,27.5775545098285,0,2069.8486745988,338.591085926228,159.336981612343,22.9812954248571,75.0722317211999,2092.82997002365,16.8529499782286,1663.84578875966,10.7246045316,353.9119495428,329.398567756285,6.12834544662856,41.3663317647428,110.310218039314
"558",578,4,1981.19648522033,913.166034966785,112.143197276623,336.429591829868,186.905328794371,112.143197276623,85.442436020284,4907.59991891506,571.396290885649,2360.34729506034,218.946242301978,21.360609005071,5.34015225126775,13521.2655002099,4272.1218010142,752.961467428752,53.4015225126775,416.531875598884,11865.8183023169,218.946242301978,10253.0923224341,69.4219792664807,2045.27831223555,3300.21409128347,21.360609005071,0,336.429591829868
"559",579,4,4914.17015619448,239.461681339985,156.170661743469,0,176.993416642598,1207.71978414949,10.4113774495646,10911.1235671437,239.461681339985,8818.43669978119,1311.83355864514,1103.60600965384,41.6455097982583,31130.0185741981,14242.7643510043,5778.31448450834,812.087441066037,83.2910195965166,37491.370195882,343.575455835631,47892.336267997,124.936529394775,2248.85752910595,2800.66053393287,41.6455097982583,822.498818515601,301.929946037373
"560",580,4,2124.49277625833,623.084453814281,112.605624183304,93.8380201527532,251.485894009379,127.619707407744,71.3168953160924,5284.95729500306,904.598514272541,2695.02793878707,236.471810784938,258.992935621599,3.75352080611013,13621.5270053737,4020.02078334395,1208.63369956746,3.75352080611013,1557.7111345357,14394.7522914323,172.661957081066,15284.3367224804,52.5492912855418,2259.6195252783,1388.80269826075,7.50704161222026,112.605624183304,172.661957081066
"561",581,4,2850.56436872102,896.548470807419,153.256148855969,321.837912597535,390.803179582721,130.267726527574,344.82633492593,9210.69454624374,1578.53833321648,6758.59616454824,22.9884223283954,0,0,25823.6610822308,3961.6714479268,1900.37624581402,0,229.884223283954,15938.6394810208,475.094061453504,16881.164796485,383.140372139923,6590.01440080667,6498.06071149309,15.3256148855969,0,360.151949811527
"562",582,4,2728.6947653851,1092.18943021281,106.728608815584,426.914435262337,323.743446740605,3.5576202938528,291.72486409593,5535.65717723496,1056.61322727428,3105.8025165335,10.6728608815584,0,0,13575.8790413423,2333.79891276744,843.156009643115,0,1156.22659550216,5564.11813958579,156.535292929523,7399.85021121383,281.052003214372,8157.62333380448,8246.5638411508,28.4609623508224,0,530.085423784068
"563",583,4,1632.57376354732,259.380878320603,61.0307948989653,61.0307948989653,193.264183846724,30.5153974494827,55.9448953240516,6784.59003293498,625.565647714395,2843.0178623768,66.1166944738791,40.6871965993102,0,19011.0926110277,5457.17024388249,2069.96112698991,5.08589957491378,656.081045163878,16066.3567571526,386.528367693447,12251.9320759673,188.17828427181,6169.19618437041,9724.23998723515,10.1717991498276,5.08589957491378,808.658032411291
"564",584,4,1719.26524063061,637.937891918199,40.7194399096723,162.877759638689,316.706754853007,27.1462932731149,217.170346184919,6800.14646491527,895.82767801279,1642.35074302345,4.52438221218581,22.6219110609291,0,18355.4186348378,2945.37282013296,633.413509706013,0,814.388798193446,3153.49440189351,153.828995214318,8976.37430897665,257.889786094591,6279.8425105139,4646.54053191483,9.04876442437162,0,484.108896703882
"565",585,4,1261.05290431264,613.172513106145,23.1385854002319,318.155549253188,329.724841953304,0,40.4925244504058,5599.53766685612,456.98706165458,1180.06785541183,5.78464635005797,5.78464635005797,0,15497.0675718053,1637.05491706641,838.773720758406,0,561.110695955623,7057.26854707072,86.7696952508696,6305.26452156319,57.8464635005797,5732.58453290745,4008.75992059017,0,0,1122.22139191125
"566",586,4,1449.04013978899,987.613950023778,40.4759815583516,339.998245090153,226.665496726769,0,64.7615704933625,5569.49506242918,655.710901245296,1173.8034651922,0,0,0,12555.6494794007,898.566790595405,501.90217132356,0,121.427944675055,3650.93353656331,234.760693038439,6014.73085957104,339.998245090153,7309.96226943829,6654.251368193,72.8567668050328,0,526.187760258571
"567",587,4,3128.56608096719,1180.59097394988,59.0295486974941,523.88724469026,553.402019039007,0,265.632969138723,10662.2122334849,715.733277957116,509.129857515886,0,0,0,27684.8583391247,1807.77992886076,686.218503608368,0,715.733277957116,3645.07463207026,486.993776754326,9097.92919300127,221.360807615603,9481.62125953498,8714.23712646756,7.37869358718676,0,1261.75660340894
"568",588,4,2434.45044309549,1642.89813528198,122.434349769715,859.887758847762,318.89877149321,11.3892418390432,185.075179884452,5928.10037722199,1275.59508597284,1178.78653034097,11.3892418390432,185.075179884452,0,15301.4464107546,3322.81130654086,965.238245858912,5.69462091952161,495.43201999838,3109.2630220588,270.494493677276,7420.09105813665,1175.93921988121,6844.93434526497,6936.04827997732,42.709656896412,82.5720033330633,717.522235859722
"569",589,4,2775.35863647546,789.541681066295,239.255054868574,445.014402055548,598.137637171436,0,234.469953771203,7402.55139763369,913.954309597954,760.831074482066,14.3553032921145,172.263639505374,0,22341.6370236275,7134.58573618089,1143.63916227179,0,1224.9858809271,8220.80368528421,86.1318197526868,8665.81808733976,296.676268037032,2918.91166939661,5344.95792576395,14.3553032921145,33.4957076816004,669.914153632008
"570",590,4,2147.20271796045,956.797507424504,77.0408382601549,372.778249645911,487.096912870657,7.45556499291822,238.578079773383,6396.87476392383,1247.56454214831,1717.26513670216,14.9111299858364,126.74460487961,0,19508.728398136,3767.54550975467,1001.53089738201,2.48518833097274,574.078504454703,4093.1051811121,218.696573125601,7957.57303577471,606.385952757348,6483.85635550788,7125.03494489884,7.45556499291822,12.4259416548637,859.875162516568
"571",591,4,1703.47576960837,1057.54815436654,193.145022204667,392.622668088175,275.469130029607,12.6652473576831,151.982968292197,6443.44459322126,877.068379519552,1298.18785416251,53.827301270153,148.816656452776,3.16631183942077,18887.0501221449,4198.52949907194,1060.71446620596,0,908.73149791376,6351.62154987806,117.153538058568,8438.22105205634,481.279399591957,4043.38021894032,5598.03933209592,56.9936131095738,75.9914841460984,731.418034906197
"572",592,3,2225.25714992434,837.362877622255,124.910484507187,490.389309546735,291.457797183437,18.5052569640277,249.820969014375,4036.45917527855,862.807605947793,1256.04431643338,43.9499852895659,74.021027856111,0,12819.5167618302,3590.01985102138,920.63653396038,4.62631424100694,1022.41544726253,6444.45573772266,185.052569640277,5773.64017277666,416.368281690624,2796.60695868869,3280.05679687392,2.31315712050347,57.8289280125867,340.03409671401
"573",593,4,2950.4420000502,1958.15779798728,122.620671357585,884.755305641651,303.721970593403,54.7076841441533,149.031277496142,5521.7031548254,1354.48680053455,1720.46234274027,196.193074172136,296.176083125244,0,14997.4513429662,6764.88811520461,1063.97013301043,69.7994590804714,1030.01363940371,5268.91592464207,235.808983379971,10341.638775112,1694.05173660171,5378.33129293038,7766.60467660273,18.8647186703977,92.4371214849487,522.552707170016
"574",594,4,2077.54401912126,748.88214642743,48.3149771888664,144.944931566599,434.834794699798,0,108.70869867495,4602.00157723953,1328.66187269383,1376.97684988269,24.1574885944332,24.1574885944332,0,12441.1066261331,1123.32321964114,12.0787442972166,12.0787442972166,1244.11066261331,893.827077994029,108.70869867495,4795.26148599499,809.275867913513,3768.56822073158,4879.81269607551,0,12.0787442972166,350.283584619282
"575",595,4,1175.10002928893,194.711342062411,61.487792230235,85.3997114308819,242.535180463705,6.83197691447055,99.063665259823,3655.10764924175,177.631399776234,502.150303213586,6.83197691447055,0,0,10651.0520096596,775.429379792408,211.791284348587,0,505.566291670821,5950.65189250385,286.943030407763,5400.67775088897,235.703203549234,2637.14308898563,2835.27041950528,3.41598845723528,0,734.437518305584
"576",596,4,994.547486447407,6.4581005613468,32.290502806734,0,303.5307263833,0,122.703910665589,4391.50838171582,277.698324137912,355.195530874074,0,0,0,16726.4804538882,490.815642662357,58.1229050521212,0,955.798883079326,3571.32961042478,109.787709542896,4643.37430360835,25.8324022453872,2395.95530825966,2344.29050376889,0,0,381.027933119461
"577",597,4,2370.28910318589,165.259200421327,28.3301486436561,94.433828812187,571.324664313732,0,203.032731946202,6152.36394711399,930.173213800042,722.418790413231,4.72169144060935,0,0,19698.8966902222,1194.58793447417,51.9386058467029,0,1374.01220921732,528.829441348247,151.094126099499,6020.15658677692,89.7121373715777,3919.00389570576,4754.74328069362,4.72169144060935,0,953.781671003089
"578",598,3,1233.9353442949,10.5015773982544,84.0126191860354,10.5015773982544,176.776552870616,3.50052579941814,96.2644594839989,2569.38593677292,252.037857558106,362.304420239778,1.75026289970907,0,0,8796.82133393779,332.549950944724,5.25078869912721,0,477.821771620577,1092.16404941846,140.021031976726,3913.58784374948,28.0042063953451,1797.51999800122,2075.81179905496,35.0052579941814,0,456.818616824068
"579",599,3,1586.08519336287,8.81158440757149,88.1158440757149,4.40579220378575,171.825895947644,0,167.420103743858,2780.05488058881,277.564908838502,259.941740023359,0,0,0,10283.1190036359,299.593869857431,8.81158440757149,0,947.245323813935,828.28893431172,163.014311540073,3233.85147757874,30.8405454265002,1568.46202454773,2185.27293307773,4.40579220378575,0,449.390804786146
"580",600,4,941.509817145882,22.8706838173089,64.8002708157085,19.0589031810907,217.271496264434,1.90589031810907,26.682464453527,3520.17941754746,137.224102903853,108.635748132217,0,0,0,11650.7075146008,468.849018254832,57.1767095432722,0,327.81313471476,1174.02843595519,156.283006084944,4084.32295170774,95.2945159054536,2140.31482723649,2679.68178726136,0,0,577.484766387049
"581",601,4,840.720502765454,13.0344263994644,26.0688527989288,0,306.309020387413,0,58.6549187975898,3897.29349343986,58.6549187975898,117.30983759518,0,0,0,13099.5985314617,755.996731168935,26.0688527989288,0,45.6204923981254,1551.09674153626,143.378690394108,4340.46399102165,65.172131997322,2906.67708708056,2848.02216828297,0,0,1107.92624395447
"582",602,3,882.575300996117,108.121760520892,45.2602718459547,65.3759482219346,128.237436896872,0,80.4627055039195,2167.46412951183,85.4916245979144,193.613385118806,0,0,0,6638.17320407336,440.03042072456,20.1156763759799,0,233.844737870766,517.978666681482,120.694058255879,2484.28603243351,80.4627055039195,1541.36370230946,1400.5539676776,5.02891909399497,0,613.528129467386
"583",603,3,256.179979506558,0,11.6445445230254,0,0,0,11.6445445230254,2072.72892509851,11.6445445230254,0,0,0,0,8523.80659085457,442.492691874964,0,0,0,547.293592582192,442.492691874964,4075.59058305888,0,1606.9471441775,2177.52982580574,0,0,2130.95164771364
"584",604,3,148.309740187381,0,5.59659396933512,0,44.772751754681,0,0,901.051629062955,0,0,0,0,0,4880.22994126023,123.125067325373,0,0,0,845.085689369604,145.511443202713,3425.1155092331,11.1931879386702,1371.16552248711,1082.94093306635,0,0,221.065461788737
"585",605,3,24.4923162117574,0,1.53076976323483,0,3.06153952646967,0,0,111.746192716143,0,0,0,0,0,497.500173051321,137.769278691135,0,0,12.2461581058787,171.446213482301,4.5923092897045,399.530908204292,0,125.523120585256,154.607746086718,0,0,101.030804373499
"586",606,4,1427.51510902744,9.37612551085348,60.9448158205476,4.68806275542674,304.724079102738,0,135.953819907376,6401.54969253522,1598.62939960052,1589.25327408967,7.03209413314011,0,0,19338.2588661353,330.508424257585,18.752251021707,0,1317.34563427491,1411.10688938345,164.082196439936,6968.80528594185,72.6649727091145,3452.75821937179,3581.67994514603,0,0,435.989836254687
"587",607,4,1635.13740914224,637.600750734711,61.7032984581978,257.097076909158,169.684070760044,5.14194153818315,77.1291230727473,4082.70158131742,318.800375367356,725.013756883825,46.2774738436484,5.14194153818315,0,11322.5552670793,868.988119952953,257.097076909158,10.2838830763663,308.516492290989,5938.94247660154,143.974363069128,5275.63201817592,41.1355323054652,2524.69329524793,3820.46256287008,25.7097076909158,0,935.833359949334
"588",608,3,1120.43613332193,588.583538390632,56.730943459338,219.832405904935,92.1877831214243,0,42.5482075945035,2510.34424807571,489.30438733679,730.410897038977,21.2741037972518,0,0,6240.40378052718,616.949010120301,28.365471729669,0,134.735990715928,5417.80510036678,127.644622783511,3403.85660756028,56.730943459338,1971.400285212,1914.66934175266,21.2741037972518,0,737.502264971394
"589",609,3,1297.16258294862,343.474036048367,87.6954985655404,164.429059810388,175.390997131081,3.65397910689752,171.737018024183,2740.48433017314,573.67471978291,928.11069315197,0,0,0,8327.41838461944,924.456714045072,244.816600162134,32.8858119620777,1731.98609666942,7545.46685574338,222.892725520749,4187.46005650456,95.0034567793355,1965.84075951086,1940.26290576258,21.9238746413851,0,285.010370338006
"590",610,3,221.467636341002,112.491497824001,17.5767965350002,31.6382337630003,17.5767965350002,0,24.6075151490002,488.634943673004,70.3071861400006,137.099012973001,0,0,0,1378.02084834401,108.976138517001,7.03071861400006,0,474.573506445004,1240.92183537101,10.5460779210001,657.372190409006,38.6689523770003,868.293748829008,123.037575745001,24.6075151490002,0,56.2457489120005
"591",611,4,1274.87699083485,727.926609908856,70.3796446044474,164.889453073277,241.30163864382,6.03254096609549,156.846065118483,4659.13247281442,595.210708654755,552.982921892087,8.04338795479399,189.019616937659,0,14449.9464607874,1327.15901254101,721.894068942761,6.03254096609549,526.841911039006,2217.96422853444,114.618278355814,6026.5084251294,160.86775909588,2567.85160456798,3374.20124703608,0,86.4664205140354,631.405954451328
"592",612,4,1846.67966628061,1025.93314793367,85.1718085077009,332.944342348285,77.4289168251826,7.74289168251826,170.343617015402,4777.36416811377,665.888684696571,1478.89231136099,50.3287959363687,131.62915860281,0,16074.2431329079,3391.386556943,1393.72050285329,3.87144584125913,356.17301739584,10580.6614841612,305.844221459471,8037.12156645396,271.001208888139,2628.71172621495,4130.83271262349,27.1001208888139,85.1718085077009,278.744100570657
"593",613,4,2592.03754616847,1138.12816113489,151.311836451459,463.803672601212,259.861632166636,3.28938774894476,253.282856668747,5305.78243904791,884.845304466142,986.816324683429,39.4726529873372,95.3922447193982,0,16874.5591520866,1282.86122208846,819.057549487246,16.4469387447238,1055.89346741127,7401.12243512572,131.575509957791,9285.94161527107,421.04163186493,4782.76978696569,3496.61917712828,6.57877549788953,124.996734459901,529.591427580107
"594",614,4,2067.16242606446,552.628347068489,97.6448583166127,292.934574949838,479.914090875267,24.9306021233905,201.522367164073,6012.430212091,1009.68938599731,1558.1626327119,6.23265053084762,4.15510035389841,0,15999.2139126858,1776.30540129157,288.77947459594,2.07755017694921,1153.04034820681,3766.59847080891,149.583612740343,6803.97682950865,305.399876011533,8177.23749647207,5459.80186502251,20.7755017694921,0,814.399669364089
"595",615,2,1763.34839987023,905.719859933347,74.8087199944948,454.195799966575,309.921839977193,8.01521999941015,109.541339991939,5853.78233956921,349.997939974243,526.332779961267,2.67173999980338,0,0,14798.7678589109,1156.86341991487,606.484979955368,2.67173999980338,227.097899983288,3478.60547974401,213.739199984271,7285.83497946383,459.539279966182,7555.68071944397,5255.31257961326,21.3739199984271,0,993.887279926859
"596",616,4,3479.40539749277,390.357319330019,218.231257263239,101.43142943221,574.778100115855,49.1788748762229,359.62052253238,7379.9049111132,1444.62944948905,1567.5766366796,15.3683983988197,0,0,21272.9370636462,2280.67032238484,335.031085094268,0,1048.1247707995,3144.3743123985,187.4944604656,6820.49520939616,196.715499504892,6030.55953169683,5726.2652434002,21.5157577583475,0,670.062170188537
"597",617,4,4331.56973045884,171.377635230815,137.102108184652,102.826581138489,655.519454757866,29.9910861653926,458.435174242429,8311.81530869451,1529.54539443502,1401.01216801191,214.222044038518,4.28444088077037,0,24986.8592166528,3011.96193918157,252.782011965452,0,1452.42545858115,1315.3233503965,128.533226423111,7502.05598222892,291.341979892385,8320.38419045606,5766.85742551692,8.56888176154074,4.28444088077037,578.399518904
"598",618,2,3524.6472236056,694.530064082453,137.420387010967,246.985290168359,512.540902905767,120.707096698822,233.986064370024,7136.57496328574,1136.50374122583,1764.18064405971,55.7109677071486,5.57109677071486,0,22568.5130181659,3000.96412715841,1535.7656764604,0,800.380902726035,6962.01393113667,272.983741765028,8384.50063992587,135.563354754062,6009.35638334443,5429.96231919008,11.1421935414297,0,805.95199949675
"599",619,2,507.840510344709,167.450114221769,52.1565929543215,24.7057545573102,35.6860899161147,21.9606707176091,46.6664252749192,1578.42320782815,65.8820121528272,214.116539496688,65.8820121528272,0,0,4452.52598799524,340.39039612294,678.03570840618,0,101.568102068942,4606.2506830185,172.940281901171,2747.82892354083,32.9410060764136,702.74146296349,1122.73929043776,8.23525151910339,0,123.528772786551
"600",620,2,1844.96338848762,158.479317550834,198.099146938542,44.9024733060696,84.522302693778,43.5818123264793,51.505778204021,1708.93530758983,290.545415509862,633.917270203335,99.0495734692712,2.64132195918056,5.28264391836113,4569.48698938238,2077.39972089551,343.371854693473,10.5652878367223,451.666055019876,4310.63743738268,109.614861305993,5342.07366244269,208.664434775265,1191.23620359043,1234.81801591691,10.5652878367223,0,456.948698938238
"601",621,2,1388.15419036994,148.846370062977,81.9733632230889,57.1656348792593,117.567060412062,9.70737196062895,81.9733632230889,3386.79421737499,170.418307753264,546.848620448764,12.9431626141719,2.15719376902865,0,9811.99585842684,685.987618551112,155.317951370063,1.07859688451433,429.281560036702,3532.40479678442,153.160757601034,5376.80546930392,278.277996204696,4058.76007642741,3075.07971775035,16.1789532677149,0,379.666103349043
"602",622,2,856.993738351236,2.74677480240781,65.9225952577874,0,38.4548472337093,0,41.2016220361171,1516.21969092911,49.4419464433405,43.9483968385249,0,0,0,7636.0339506937,76.9096944674186,0,0,46.6951716409327,552.101735283969,274.677480240781,2650.63768432353,54.9354960481561,1214.07446266425,1941.96978530232,0,0,189.527461366139
"603",623,2,297.36216626617,11.8944866506468,10.195274271983,0,90.058256069183,5.09763713599149,11.8944866506468,2033.95721726061,71.3669199038809,52.6755837385788,3.39842475732766,0,0,9418.73421493361,378.924360442034,0,0,237.889733012936,304.159015780826,62.8708580105617,4254.82779617423,158.026751215736,1802.86433376232,2722.13823061946,0,0,192.010998789013
"604",624,3,504.69154152807,0,42.5003403392059,0,34.5315265256048,0,53.1254254240073,937.66375873373,108.907122119215,236.408143136833,0,0,0,2980.33636628681,85.0006806784118,18.5938988984026,0,616.254934918485,154.063733729621,66.4067817800092,1506.10581077061,42.5003403392059,579.06713712168,1075.78986483615,0,0,39.8440690680055
"605",625,4,1956.19187230515,14.5751390166429,192.600051291353,1.04108135833164,72.8756950832146,17.6983830916378,147.833552883093,3158.64084117819,95.7794849665107,641.306116732289,10.4108135833164,8.3286508666531,0,7234.47435904655,1009.84891758169,195.723295366348,0,537.197980899125,6716.01584259739,196.76437672468,7276.11761337982,302.954675274507,2272.68060523796,3279.40627874466,62.4648814998983,0,420.596868765982
"606",626,4,1409.7581432282,15.8909935629588,61.2938323142696,0,222.473909881423,4.54028387513108,133.938374316367,8029.49203316931,156.639793692022,165.720361442284,0,0,0,26490.2862694523,1591.36949823344,34.0521290634831,0,1066.9667106558,2394.99974413164,145.289084004195,9993.1648091635,238.364903444382,4653.79097200935,7116.89497426797,6.81042581269662,0,792.279536210373
"607",627,4,1665.23008242378,714.680899397176,54.2497052347691,259.455111992374,108.499410469538,66.0431194162406,96.7059962880667,3863.52248585008,257.09642915608,584.953343400989,73.1191679251236,2.35868283629431,0,10323.9547744602,2580.39902290597,639.203048635758,2.35868283629431,870.3539665926,7330.78625520271,153.31438435913,6651.48559834995,1070.84200767762,3691.33863880059,5016.91839279799,117.934141814715,2.35868283629431,865.636600920011
"608",628,4,1736.45544488133,707.794338946194,97.5183311436978,173.016393964625,100.664083761236,132.121609936623,173.016393964625,5316.3219236403,176.162146582164,1296.05007842592,22.0202683227705,0,3.14575261753864,14778.7457971965,2912.96692384078,707.794338946194,3.14575261753864,1038.09836378775,12095.4188144361,169.870641347086,8524.98959352971,157.287630876932,4746.94069986581,3425.72460049958,28.3117735578477,6.29150523507728,846.207454117894
"609",629,3,639.780611991369,144.04417287525,48.6382921396947,48.6382921396947,16.8363318945097,16.8363318945097,50.5089956835291,1399.28625078814,37.4140708766882,527.538399361304,18.7070354383441,0,0,2837.8572759968,1657.44333983729,144.04417287525,0,157.139097682091,2489.9064168436,71.0867346657077,2229.87862425062,179.587540208104,1681.76248590714,1045.72328100344,13.0949248068409,0,194.553168558779
"610",630,3,392.674444454649,524.824497876886,22.6542948723836,132.150053422238,7.55143162412786,33.9814423085754,0,808.003183781681,83.0657478654065,589.011666681973,230.3186645359,22.6542948723836,3.77571581206393,4062.67021378079,1295.07052353793,883.51750002296,15.1028632482557,7.55143162412786,7268.25293822307,135.925769234301,4243.90457275986,49.0843055568311,52.860021368895,117.047190173982,3.77571581206393,3.77571581206393,94.3928953015982
"611",631,4,1925.5914132791,647.501253147802,82.1456813694972,202.948153971699,67.649384657233,67.649384657233,65.233335205189,2754.2963753302,451.801247532235,1200.77657766589,251.26914301258,2.41604945204404,0,8214.56813694972,3254.41861190332,937.427187393086,0,835.953110407237,8915.22247804249,183.619758355347,6037.70758065805,123.218522054246,1287.75435793947,1092.0543523239,316.502478217769,4.83209890408807,227.108648492139
"612",632,3,337.191810639586,358.006119938326,22.2019299186559,98.5210640140354,0,9.71334433941194,8.32572371949595,913.054367904723,61.0553072763036,267.810779643786,160.963991910255,15.2638268190759,0,2798.83079037056,689.647448098248,395.471876676058,69.3810309957996,4.16286185974798,5009.31043789673,97.1334433941194,2537.95811382635,52.7295835568077,81.8696165750435,163.739233150087,5.55048247966397,15.2638268190759,47.1791010771437
"613",633,4,1384.61506252918,972.10849655628,54.3613303995288,415.704291290515,35.1749784938128,31.9772531761934,57.5590557171482,2513.4120996488,332.563433032412,770.651801546262,124.711287387154,19.1863519057161,0,7124.5320076559,3578.25463041605,585.18373312434,6.39545063523869,892.165363615797,7991.11556873074,383.727038114321,6990.22754431588,578.788282489101,1106.41295989629,2001.77604882971,188.665793739541,6.39545063523869,390.12248874956
"614",634,4,2122.45188947509,2134.13939987969,112.200099884146,991.100882309956,264.137735143927,16.362514566438,308.550274681401,7218.20642588006,988.763380229036,1383.80123190447,49.0875436993139,212.712689363693,0,20069.7928667766,3791.42837525177,1594.17641918724,0,745.663163813387,4125.69117282328,280.500249710365,9223.78321130917,525.937968206934,9198.07068841905,9600.12104633724,2.33750208091971,95.837585317708,869.550774102131
"615",635,3,236.949707146814,1271.43745298291,40.4548280494561,508.574981193162,34.6755668995338,0,5.7792611499223,1502.6078989798,202.274140247281,312.080102095804,17.3377834497669,190.715617947436,0,5022.17793928248,1057.60479043578,1046.04626813594,0,28.8963057496115,1485.27011553003,17.3377834497669,3034.11210370921,109.805961848524,421.886063944328,1323.45080333221,0,28.8963057496115,277.40453519627
"616",636,4,2710.58596451041,718.007880881284,67.9770774798848,280.405444604525,645.782236058906,0,144.451289644755,7252.30445363521,1189.59885589798,1036.65043156824,0,63.728510137392,0,19029.3331270253,616.042264661456,407.862464879309,8.4971346849856,875.204872553517,416.359599564295,237.919771179597,5926.75144277746,577.805158579021,7141.8417027304,5939.49714480494,0,42.485673424928,1223.58739463793
"617",637,3,812.108411766018,0,48.7962135825075,0,104.563314819659,0,69.7088765464393,3572.57992300502,331.117163595587,87.1360956830492,0,0,0,11543.7899560904,446.136809897212,10.4563314819659,0,348.544382732197,554.185568544193,118.505090128947,3921.12430573721,34.8544382732197,2425.86890381609,2746.52973592971,6.97088765464393,0,711.030540773681
"618",638,3,678.963428372033,492.699125013333,36.0511554887805,246.349562506667,72.102310977561,6.00852591479675,60.0852591479675,2241.18016621919,78.1108368923577,48.068207318374,0,0,6.00852591479675,7198.21404592651,300.426295739837,168.238725614309,0,180.255777443902,5648.01435990894,276.39219208065,5023.12766477008,54.0767332331707,1778.52367077984,1844.6174558426,12.0170518295935,0,678.963428372033
"619",639,4,1785.84452492918,335.720119568932,111.906706522977,130.557824276807,578.184650368716,0,125.895044838349,5310.90578040296,620.149665314832,578.184650368716,4.66277943845738,0,0,18026.3053090762,1170.3576390528,83.9300298922329,9.32555887691477,648.126341945576,2205.49467439034,32.6394560692017,5222.31297107227,46.6277943845738,3553.03793210453,5026.47623465706,0,0,582.847429807173
"620",640,3,780.183567919735,134.739223429035,49.9839054656098,52.1571187467232,132.566010147922,0,47.8106921844963,3392.38593181812,102.141024212333,132.566010147922,0,0,0,10246.70062045,747.585368703033,43.4642656222694,0,134.739223429035,5185.28688873673,104.314237493446,4802.80135126076,39.1178390600424,3122.90748496005,2679.57197561291,36.944625778929,0,349.887338259268
"621",641,3,152.055971732657,0,0,0,30.4111943465314,0,30.4111943465314,233.152489990074,0,0,0,0,0,942.747024742474,30.4111943465314,0,0,162.193036514834,111.507712603948,10.1370647821771,324.386073029668,30.4111943465314,121.644777386126,537.264433455388,0,0,20.2741295643543
"622",642,4,1308.69068286215,31.7643369626737,50.8229391402779,6.35286739253473,209.644623953646,0,235.056093523785,3786.3089659507,393.877778337153,266.820430486459,0,0,0,14656.0650745776,654.345341431077,44.4700717477431,0,1429.39516332031,2490.32401787362,76.2344087104168,4351.71416388629,95.293010888021,2483.97115048108,3195.49229844497,0,0,578.110932720661
"623",643,4,2392.72327195372,116.977582184404,93.0503494648671,31.902976959383,428.031607538388,7.97574423984575,252.565234261782,4322.85337799639,321.688351007112,417.397281885261,2.65858141328192,0,0,15411.7964527953,390.811467752442,66.4645353320479,0,1573.88019666289,2730.36311144053,175.466373276606,5894.07499324601,109.001837944559,2695.80155306786,4423.87947170111,10.6343256531277,2.65858141328192,898.600517689287
"624",644,4,3049.17139855434,78.1838820142138,130.30647002369,11.1691260020305,495.16458609002,0,588.240636106942,4981.43019690562,591.963678107618,498.887628090697,0,0,3.72304200067685,15945.7888888989,778.115778141461,18.6152100033842,0,1790.78320232556,1250.94211222742,156.367764028428,6183.97276312424,591.963678107618,4638.91033284335,6530.21566918719,0,0,1842.90579033504
"625",645,3,486.556707310975,33.363888501324,52.826156793763,8.340972125331,116.773609754634,0,19.462268292439,1362.35878047073,147.357174214181,225.206247383937,0,0,0,4832.20318460842,305.83564459547,2.780324041777,0,180.721062715505,606.110641107386,33.363888501324,2232.60020554693,19.462268292439,970.333090580173,1073.20508012592,0,0,166.81944250662
"626",647,3,7.651824095948,0,0,0,0,0,0,107.125537343272,0,0,0,0,0,187.469690350726,0,0,0,0,493.542654188646,0,355.809820461582,0,30.607296383792,30.607296383792,0,0,30.607296383792
"627",648,3,547.273997263744,4.30924407294286,21.5462203647143,0,47.4016848023715,0,38.7831966564858,1939.15983282429,51.7109288753144,94.803369604743,0,0,0,7398.9720732429,176.679006990657,4.30924407294286,0,443.852139513115,1335.86566261229,60.3294170212001,4162.7297744628,21.5462203647143,1788.33629027129,1422.05054407114,21.5462203647143,0,262.863888449515
"628",649,4,2252.67855721978,98.8636357400532,84.7402592057599,52.9626620035999,462.540581498106,0,102.394479873627,4078.12497427719,243.62824521656,338.961036823039,0,0,0,14497.6460124521,367.207789891626,67.0860385378932,17.6542206678666,331.899348555893,3446.10387436757,112.987012274346,5621.10386064874,45.9009737364533,2556.33115270709,3262.49997942175,10.59253240072,0,706.168826714666
"629",650,4,910.405356345393,16.7706249853099,28.7496428319598,0,304.267053304908,0,43.1244642479396,3979.4297286571,371.349553246147,368.953749676817,7.18741070798994,0,0,14025.0340948577,555.826428084555,21.5622321239698,0,227.601339086348,2553.92660490576,93.4363392038692,5136.60285264348,138.956607021139,2798.29856897742,3756.61999670941,0,0,416.869821063417
"630",651,4,1548.21696222474,534.036863552206,151.882043762554,293.96524599204,186.177989128292,0,93.088994564146,4233.09954228538,210.675092960962,656.522382715556,0,0,0,10999.1996208688,1567.81464529088,499.740918186468,19.597683066136,455.646131287662,14384.6993705438,391.95366132272,6800.39602394919,284.166404458972,3458.991061173,2934.75303915387,803.505005711576,0,842.700371843848
"631",653,3,1192.39700510222,209.23668377058,93.2741843314632,83.1904887280618,65.5440214221093,37.8138585127554,78.1486409263611,2021.78096848199,126.046195042518,211.75760767143,0,0,0,4144.39889299799,468.891845558167,45.3766302153064,0,877.281517495925,3194.0105823774,148.734510150171,3630.13041722451,90.7532604306129,3002.42036591278,3211.65704968336,5.04184780170072,0,350.4084222182
"632",654,4,1182.50486331778,136.360921175384,70.3110999810574,46.8740666540382,147.014118142211,0,119.315806028461,4499.91039878767,328.118466578268,451.695551393459,2.13063939336537,0,0,14040.9136022778,918.305578540476,49.0047060474036,0,543.31304530817,2610.03325687258,187.496266616153,5541.79306214334,129.969002995288,3724.35765960267,4508.43295636113,14.9144757535576,0,730.809311924323
"633",655,3,848.658685071948,19.2330580186277,45.6785127942408,2.40413225232847,105.781819102452,0,50.4867772988978,2041.10828222687,187.52231568162,209.159505952576,0,0,0,6592.13063588465,238.009092980518,4.80826450465693,9.61652900931386,382.257028120226,1519.41158347159,93.7611578408101,2783.98514819636,9.61652900931386,1274.19009373409,1435.26695464009,0,0,451.976863437751
"634",656,3,1451.64568154672,371.417156801993,85.0573641531282,48.199173020106,127.586046229692,0,158.773746419173,2512.02748798905,195.631937552195,323.217983781887,8.50573641531282,68.0458913225026,0,6625.96866752869,1621.76040985298,345.899947556055,2.83524547177094,1054.71131549879,2168.96278590477,113.409818870838,4079.91823387838,320.382738310116,3149.95771913752,2974.17249988772,19.8467183023966,68.0458913225026,198.467183023966
"635",657,4,2304.14398838877,965.894613917116,82.7455023454531,265.740363301744,243.462728054891,7.95629830244741,280.061700246149,5360.95379618907,821.089984812573,1363.70952903949,14.3213369444053,125.709513178669,0,17367.0079345822,2958.15170884995,717.658106880756,3.18251932097896,1385.98716428634,4347.32139245727,243.462728054891,6603.72759103135,235.506429752443,6317.30085214324,5232.06176368942,9.54755796293689,33.4164528702791,625.365046572367
"636",658,2,991.848073596282,7.40185129549464,46.8783915381327,0,379.961699835392,9.86913506065952,44.4111077729678,3945.18674049864,463.849347850998,584.746252344077,2.46728376516488,7.40185129549464,0,9834.59308794721,1751.77147326707,113.495053197584,106.09320190209,449.045645260008,1993.56528225322,9.86913506065952,4093.22376640854,56.7475265987922,5166.49220425526,3614.57071596655,0,2.46728376516488,226.990106395169
"637",659,2,169.746684138161,872.982946996257,0,242.495263054516,0,0,0,1491.34586778527,145.49715783271,678.986736552645,206.120973596339,351.618131429048,0,5710.76344493385,1406.47252571619,1430.72205202164,72.7485789163548,0,8378.21133853352,36.3742894581774,5019.65194522848,60.623815763629,84.8733420690806,266.744789359967,0,0,72.7485789163548
"638",660,2,784.164479066064,531.374614103977,25.7948841798047,273.42577230593,36.1128378517266,15.4769305078828,25.7948841798047,3224.36052247559,108.33851355518,448.830984728602,51.5897683596095,0,0,9296.47625840162,2780.68851458295,201.200096602477,5.15897683596094,92.861583047297,2873.55009763025,196.041119766516,4570.8534766614,247.630888126125,2615.6012558322,4204.56612130817,0,5.15897683596094,350.810424845344
"639",661,4,4424.16620084421,89.2688902510938,121.405690741488,10.7122668301313,703.438855178619,0,432.061428815294,8230.59168115085,1796.09007185201,2303.13736847822,0,0,0,23399.1615126167,1403.30695474719,7.1415112200875,0,2595.93932850181,214.245336602625,314.22649368385,7195.07255423816,1460.43904450789,10844.3847877029,11337.1490618889,0,0,828.41530153015
"640",662,4,2798.24291976424,507.756940575365,212.030370789713,69.7468324966161,164.602524692014,11.1594931994586,259.458216887412,8202.22750160205,412.901248379967,1258.23285823895,89.2759455956685,0,0,21264.4142915683,3389.69605933554,318.045556184569,0,1785.51891191337,8910.85531976767,287.356949886058,10138.3995717081,694.678451666296,6542.25288818259,8567.70090388432,203.660750890119,0,1481.42272222812
"641",663,2,3081.17760900123,9.54910416012779,114.589249921533,0,636.606944008519,0,401.062374725367,6426.547099766,697.084603689328,938.995242412566,0,0,0,18897.6771328929,1231.83443665648,28.6473124803834,0,2753.32503283684,983.557728493162,79.5758680010649,6970.84603689328,493.370381606602,6063.68114168114,6092.32845416153,3.1830347200426,0,467.906103846261
"642",664,2,1795.16612837383,19.5362698372001,214.898968209201,0,80.3157759973781,19.5362698372001,84.6571692945337,4942.67626881162,138.924585508978,293.044047558001,4.34139329715557,2.17069664857779,0,12192.8030750614,618.648544844669,227.923148100668,2.17069664857779,191.021305074845,10636.4135780312,345.140767123868,10703.7051741371,32.5604497286668,2943.46465547148,3045.48739795464,91.1692592402671,0,1061.47066115454
"643",665,4,702.804425712707,7.37852415446412,16.6016793475443,0,167.861424514059,3.68926207723206,97.7654450466496,8273.17020819289,440.866818229231,142.036589973434,0,0,0,26588.5117906115,988.722236698192,44.2711449267847,0,903.869208921855,1606.67363463456,130.968803741738,9769.16598051049,426.109769920303,5753.4042094434,8179.09402522348,3.68926207723206,0,1145.51587498055
"644",666,2,1144.49944913163,0,134.815724584428,0,60.2368131121912,0,106.131527864337,3029.05117364162,203.657796712647,137.684144256437,0,0,0,10971.7052454348,1110.07841306752,0,0,616.710229481958,220.868314744701,220.868314744701,4288.28740965361,206.526216384656,2954.47226216938,5125.86595388027,0,0,106.131527864337
"645",667,2,1132.06892855121,9.49987912070948,106.081983514589,0,117.165175822084,4.74993956035474,102.915357141019,4452.27668123918,136.164934063503,56.9992747242569,0,4.74993956035474,1.58331318678491,14222.9023568889,1304.65006591077,384.745104388734,0,283.413060434499,4512.442582337,296.079565928779,7834.23364821175,197.914148348114,3434.20630213648,4837.02178562791,7.91656593392457,0,991.154054927356
"646",668,3,1.91156886166067,0,0,0,0,0,0,4.20545149565347,0,0,0,0,0,18.3510610719424,0,0,0,0,5.35239281264988,0,14.145609576289,0,0,0,0,0,0
"647",669,2,2533.86886880539,5.95270681786701,238.10827271468,0,65.4797749965371,73.4167174203597,208.344738625345,4938.76242322366,222.234387867035,236.124037108725,0,0,9.92117802977834,11826.0442114958,1371.10680371537,636.93962951177,0,494.074665882961,8151.23986926589,575.428325727144,9183.04238436283,192.4708537777,2926.74751878461,4295.87008689402,65.4797749965371,3.96847121191134,446.453011340025
"648",670,2,1488.01993107348,4.6940691831971,37.5525534655768,0,201.844974877475,23.4703459159855,89.1873144807448,3525.24595658102,28.1644150991826,18.7762767327884,0,0,0,12350.0960209916,352.055188739782,56.3288301983652,0,521.041679334878,2276.62355385059,159.598352228701,5989.6322777595,136.128006312716,2168.65996263706,3135.63821437566,0,0,614.92306299882
"649",672,4,2888.38359596642,35.9923189528526,152.967355549623,8.99807973821314,395.915508481378,4.49903986910657,373.420309135845,8876.60566174726,499.393425470829,386.917428743165,0,0,0,25091.1453500073,2218.02665546954,13.4971196073197,0,2105.55065874187,1079.76956858558,341.927030052099,8098.27176439183,1264.23020321895,7972.29864805684,11265.5958322429,26.9942392146394,0,1264.23020321895
"650",673,4,1864.53641461376,12.3479232755878,12.3479232755878,0,321.046005165283,0,209.914695684993,5889.95940245539,321.046005165283,172.870925858229,0,0,0,16694.3922685947,753.223319810857,37.0437698267635,0,1543.49040944848,1284.18402066113,123.479232755878,5247.86739212482,284.00223533852,5470.1300110854,4963.8651567863,0,0,1185.40063445643
"651",674,2,573.340412112074,37.3337942770653,18.6668971385326,0,64.0007901892548,8.00009877365685,29.3336955034084,3554.71055509486,56.0006914155979,232.002864436049,0,0,0,12152.1500371848,3048.03763276326,128.00158037851,10.6667983648758,413.338436638937,2680.03308917504,77.3342881453495,6488.0801054357,88.0010865102253,1840.02271794107,3048.03763276326,0,2.66669959121895,442.672132142346
"652",675,2,1099.14632264204,113.314053880622,22.6628107761245,67.9884323283734,407.93059397024,5.66570269403111,16.9971080820933,4810.18158723242,28.3285134701556,186.968188903027,5.66570269403111,0,0,9501.38341789018,4022.64891276209,101.98264849256,0,186.968188903027,2487.24348267966,113.314053880622,6232.27296343422,226.628107761245,5880.9993964043,9076.45571583784,0,0,832.858296022574
"653",676,1,76.2524468933966,0,1.41208234987771,0,0,0,1.41208234987771,46.5987175459646,0,16.9449881985326,0,5.64832939951086,0,156.741140836426,227.345258330312,43.7745528462091,0,2.82416469975543,196.279446633002,8.47249409926629,184.982787833981,11.2966587990217,11.2966587990217,21.1812352481657,0,0,0
"654",677,2,1646.10639980249,540.342405475333,72.9576243679774,141.355397212956,294.110423233409,6.83977728449788,84.3572531754739,5170.8716270804,1338.31642200009,1504.75100258953,9.11970304599718,145.915248735955,0,13659.0352371423,994.047632013693,533.502628190835,4.55985152299859,392.147230977879,1591.38818152651,205.193318534937,5499.1809367363,451.42530077686,5987.08504969715,5116.15340880442,4.55985152299859,63.8379213219803,221.152798865432
"655",678,2,3457.09598304997,1467.10828061886,101.529984817914,248.748462803889,395.966940789865,20.3059969635828,309.666453694638,7345.69440157608,1827.53972672245,2370.72514549829,25.3824962044785,304.589954453742,0,22859.4760817533,5172.95272647272,1126.98283147885,10.1529984817914,989.917351974661,2629.62660678397,411.196438512552,10218.992971923,309.666453694638,4320.10085400224,5025.73424848674,10.1529984817914,238.595464322098,989.917351974661
"656",679,2,2160.28831546084,62.6170526220534,164.36976313289,0,277.863171010362,11.740697366635,207.418986810552,4645.40259139858,301.344565743632,637.911223587169,3.91356578887834,54.7899210442967,3.91356578887834,14664.1310109271,3964.44214413375,250.468210488213,0,543.985644654089,2082.01699968327,270.036039432605,5686.41109124022,571.380605176237,3741.36889416769,5905.57077541741,7.82713157775667,78.2713157775667,790.540289353424
"657",680,1,510.672989823543,9.4569072189545,28.3707216568635,0,15.1310515503272,1.8913814437909,5.6741443313727,713.050804309169,11.3482886627454,113.482886627454,3.7827628875818,13.2396701065363,0,2069.17129950724,773.575010510478,261.010639243144,0,11.3482886627454,1089.43571162356,49.1759175385634,1418.53608284318,43.5017732071907,340.448659882362,433.126350628116,0,0,62.4155876450997
"658",681,2,1021.85410867233,3.89277755684696,56.4452745742809,0,217.99554318343,5.83916633527044,103.158605256444,3482.0895245996,93.426661364327,171.282212501266,1.94638877842348,0,1.94638877842348,9907.1188821755,554.720801850691,9.73194389211739,0,796.073010375203,967.355222876469,56.4452745742809,5187.12609449857,72.0163848016687,1633.0201850973,3937.5444987507,3.89277755684696,0,443.776641480553
"659",682,2,1783.59744695785,43.3555085013387,71.0548611549718,31.3123116954113,446.802601499907,0,78.2807792385282,5492.9020631835,266.154649410996,204.734345700766,0,0,0,19371.4820623343,1608.9710932719,38.5382297789677,0,463.663077028206,2474.87694361808,186.669550491875,7091.03427933006,232.433698354399,3556.35601679037,5672.34569559181,3.61295904177823,0,858.679932262625
"660",683,2,1714.93782307837,11.0879600630067,81.3117071287157,0,347.422748640876,0,195.887294446451,5429.4044441856,229.151174635471,195.887294446451,0,0,0,18631.4688925389,1312.07527412246,22.1759201260134,0,887.036805040535,5207.64524292547,229.151174635471,7410.45330877613,103.487627254729,2561.31877455454,3866.00207530166,0,0,598.749843402361
"661",684,1,9.69991939465955,0,0,0,3.23330646488651,0,9.69991939465955,129.332258595461,0,0,0,0,0,1028.19145583391,42.0329840435247,0,0,0,452.662905084112,0,1160.75702089426,0,333.030565883311,161.665323244326,0,0,51.7329034381842
"662",685,1,2.35562100800891,0,0,0,0,0,0,2.09388534045237,0,0,0,0,0,10.4694267022618,3.66429934579164,0,0,0,90.5605409745649,0,18.3214967289582,0,1.30867833778273,0.523471335113092,0,0,2.61735667556546
"663",686,2,1342.95949272977,7.94650587414066,37.0836940793231,5.29767058276044,386.729952541512,0,90.0603999069275,4084.5040193083,286.074211469064,169.525458648334,0,0,0,15066.5751373707,437.057823077736,153.632446900053,0,418.515976038075,4203.70160742041,193.364976270756,5771.8120999175,60.9232117017451,2304.48670350079,2439.57730336118,5.29767058276044,0,701.941352215758
"664",687,2,1036.8978194374,4.91420767505878,73.7131151258817,0,289.938252828468,0,34.3994537254115,5140.26122811149,889.47158918564,648.675413107759,0,0,0,18791.9301494248,899.300004535757,24.5710383752939,0,260.453006778115,2692.98580593221,127.769399551528,6693.15085343006,88.4557381510581,2830.58362083386,5238.54538161266,0,0,776.444812659288
"665",688,2,2296.99676900615,14.630552668829,46.8177685402527,0,819.310949454423,2.9261105337658,201.90162682984,6250.17210012374,784.197623049233,474.029906470059,0,0,0,22782.6966159005,945.133702406352,119.970531884398,0,921.724818136226,3288.94823995276,111.1922002831,7487.91685590667,81.9310949454423,3985.36254698901,5767.36386205238,2.9261105337658,0,910.020376001163
"666",689,2,568.297646834989,4.10817576025293,16.4327030410117,0,146.524935449021,1.36939192008431,31.4960141619392,2662.0978926439,152.002503129359,106.812569766576,0,0,1.36939192008431,11040.0376597197,375.213386103101,13.6939192008431,0,245.121153695092,3161.92594347467,73.9471636845528,5329.67335296814,26.0184464816019,1574.80070809696,2004.78977100343,5.47756768033724,0,558.711903394399
"667",690,2,1808.88701943256,2.76588229271034,91.2741156594413,0,437.009402248234,0,196.377642782434,3595.64698052344,467.434107468048,459.136460589917,0,0,0,13464.3150009139,522.751753322254,22.1270583416827,0,578.069399176461,1952.7128986535,127.230585464676,4807.10342473057,38.7223520979448,2724.39405831969,3462.88463047335,8.29764687813102,0,945.931744106937
"668",691,2,1370.52832684287,7.95277559096442,98.0842322885612,5.30185039397628,251.837893713873,0,140.499035440371,2796.72608282249,381.733228366292,230.630492137968,2.65092519698814,0,0,10057.610197373,402.940629942197,34.4620275608458,7.95277559096442,994.096948870553,2642.97242139718,103.386082682537,5455.60405540159,23.8583267728933,3059.16767732431,1945.7790945893,5.30185039397628,0,477.166535457865
"669",692,2,2358.57882820867,18.2129639243913,127.490747470739,2.27662049054891,459.877339090879,2.27662049054891,184.406259734462,5211.18430286645,173.023157281717,223.108808073793,2.27662049054891,0,0,19469.6584351743,669.326424221379,22.7662049054891,2.27662049054891,723.965315994553,2731.94458865869,182.129639243913,8425.77243552151,134.320608942386,3585.67727261453,4462.17616147586,2.27662049054891,0,799.093792182667
"670",693,2,1767.62639957373,1.4841531482567,62.3344322267813,0,185.519143532087,0,192.939909273371,1853.70728217262,330.966152061244,580.303880968369,0,0,0,7297.58102997818,307.219701689136,4.45245944477009,0,1089.36841082042,792.537781169077,71.2393511163215,2931.20246780698,26.7147566686206,1124.98808637858,1809.18268772491,1.4841531482567,0,210.749747052451
"671",694,1,476.475426451971,7.18304662992921,19.1547910131446,0,59.8587219160767,0,45.4926286562183,1079.85134336602,52.6756752861475,134.083537092012,0,0,0,4496.58719033568,177.181816871587,2.39434887664307,0,181.970514624873,447.743239932254,28.7321865197168,2128.57615133569,4.78869775328614,454.926286562183,672.812034336703,0,0,98.1683039423659
"672",695,1,47.3432871508587,0,0,0,31.5621914339058,0,0,15.7810957169529,0,126.248765735623,0,0,0,220.93534003734,0,15.7810957169529,31.5621914339058,0,142.029861452576,0,268.278627188199,0,0,0,0,0,47.3432871508587
"673",696,1,1180.17042436199,2.09250075241488,102.532536868329,0,94.1625338586697,0,133.920048154552,1163.43041834267,177.862563955265,347.35512490087,0,0,0,4088.74647021868,196.695070726999,2.09250075241488,0,801.4277881749,1259.68545295376,58.5900210676167,2768.37849544489,16.7400060193191,1100.65539577023,922.792831814963,8.37000300965953,0,171.58506169802
"674",698,1,384.743052026248,0,28.7451705536852,0,57.4903411073704,0,28.7451705536852,948.590628271612,48.6456732446981,126.036517043081,0,0,0,4422.33393133619,123.825350077413,2.21116696566809,0,327.252710918878,860.143949644889,37.5898384163576,2043.11827627732,2.21116696566809,579.325745005041,557.21407534836,4.42233393133619,0,134.881184905754
"675",699,2,1110.06126160825,4.84742908999237,38.779432719939,0,130.880585429794,0,96.9485817998474,3800.38440655402,63.0165781699008,126.033156339802,0,0,0,12045.861288631,431.421189009321,9.69485817998474,0,92.101152709855,4561.43077368282,256.913741769596,5792.67776254088,4.84742908999237,1328.19557065791,2142.56365777663,0,0,184.20230541971
"676",700,2,1438.22920743291,28.7645841486582,124.646531310852,0,124.646531310852,0,105.470141878413,2157.34381114937,134.234726027072,201.352089040608,0,0,0,5676.21127200189,287.645841486582,38.3527788648776,0,469.821541094751,1083.46600293279,115.058336594633,6788.44185908334,306.822230919021,1917.63894324388,3528.45565556874,19.1763894324388,0,86.2937524459747
"677",701,2,1088.32212370616,3.24872275733183,40.6090344666479,0,168.933583381255,0,68.2231779039684,2912.47995194799,35.7359503306501,126.700187535941,0,0,0,9215.00210117174,1083.44903957017,4.87308413599775,0,347.613335034506,1741.31539792986,167.309222002589,7184.55037783934,17.8679751653251,1453.80343390599,2379.68941974557,0,0,170.557944759921
"678",702,3,141.247140577415,2.01781629396306,16.1425303517045,0,22.1959792335937,0,8.07126517585226,1059.35355433061,20.1781629396306,54.4810399370028,0,0,0,4308.03778761114,209.852894572159,2.01781629396306,2.01781629396306,82.7304680524857,837.393761994672,66.5879377007811,2350.75598246697,0,682.021907359516,1091.63861503402,0,0,173.532201280824
"679",703,2,1720.62192533149,37.5579137862263,58.6842402909785,2.34736961163914,607.968729414538,0,122.063219805235,5633.68706793394,462.431813492911,185.442199319492,0,0,0,15957.4186199229,5023.37096890776,46.9473922327828,0,657.263491258959,1467.10600727446,138.494807086709,6769.81395996728,382.62124669718,3415.42278493495,10262.6999420863,0,0,293.421201454893
"680",704,1,10.4965921947392,0,0,0,0,0,0,52.4829609736961,0,5.24829609736961,0,0,0,110.214218044762,146.952290726349,15.7448882921088,0,0,47.2346648763265,0,31.4897765842177,0,0,10.4965921947392,0,0,0
"681",705,1,77.845878615981,2.78020995057075,0,0,0,0,0,31.9724144315636,0,30.5823094562783,0,0,0,176.543331861243,18.0713646787099,13.9010497528538,0,0,415.641387610327,0,184.883961712955,0,12.5109447775684,13.9010497528538,0,0,1.39010497528538
"682",706,1,203.969045985832,11.8433639604677,19.7389399341128,1.31592932894085,0,3.94778798682255,9.21150530258596,103.958416986327,0,48.6893851708115,0,0,0,343.457554853562,32.8982332235213,40.7938091971664,1.31592932894085,7.8955759736451,1493.57978834787,14.4752226183494,417.14959727425,0,26.318586578817,23.6867279209353,3.94778798682255,0,10.5274346315268
"683",707,1,44.1962483074393,47.5959597157039,3.39971140826456,20.3982684495874,0,0,0,122.389610697524,0,0,0,0,0,214.181818720668,20.3982684495874,27.1976912661165,0,0,928.121214456226,10.1991342247937,282.176046885959,0,3.39971140826456,105.391053656201,0,0,13.5988456330583
"684",708,2,2960.70538026079,49.1112266867904,105.238342900265,7.01588952668434,589.334720241484,84.1906743202121,329.746807754164,6630.0156027167,568.287051661431,1262.86011480318,0,0,0,20367.1272959646,750.700179355224,315.715028700795,0,722.636621248487,5472.39383081378,217.492575327214,8110.3682928471,133.301901007002,4974.2656744192,6377.44357975606,7.01588952668434,7.01588952668434,554.255272608063
"685",709,2,2085.04513112251,86.3804411465041,137.017251473765,14.893179508018,506.36810327261,23.8290872128287,265.09859524272,6758.52486073855,190.63269770263,491.474923764592,2.97863590160359,2.97863590160359,0,18827.9575340363,3797.76077454458,220.419056718666,5.95727180320718,503.389467371007,2677.79367554163,315.735405569981,7675.94471843245,1233.15526326389,6564.91352713431,11530.2995751075,0,0,1084.22346818371
"686",710,2,2729.97193374622,12.3110346504903,163.121209118996,0,621.707249849758,0,286.231555623899,6343.26060366511,538.607765958949,640.173801825494,0,0,0,22242.9618547733,461.663799393385,9.2332759878677,0,1351.13605289131,920.249840124147,261.609486322918,6854.16854166046,307.775866262257,3721.01022311068,5219.87869180787,0,0,963.338461400863
"687",711,2,2417.06378315147,12.7046716591405,142.92755616533,0,314.440623563726,3.17616791478512,225.507921949743,4592.73880477928,371.611646029859,133.399052420975,0,0,0,15537.8134391288,2054.98064086597,0,0,1867.58673389365,1175.18212847049,184.217739057537,6053.77604558043,79.4041978696279,3201.5772581034,4043.26175552145,3.17616791478512,0,616.176575468313
"688",712,2,1947.29350211038,0,233.383490889634,0,36.4661704515053,0,123.984979535118,2239.02286572242,0,7.29323409030105,0,0,0,8153.83571295658,145.864681806021,0,0,437.594045418063,2399.47401570905,444.887279508364,4113.38402692979,43.7594045418063,1108.57158172576,2924.58687021072,7.29323409030105,0,1327.36860443479
"689",714,2,1304.34057503162,3.89937391638751,107.232782700656,0,214.465565401313,1.94968695819375,140.37746098995,4548.61967346603,54.5912348294251,3.89937391638751,3.89937391638751,0,0,12427.304671527,3961.76389904971,1.94968695819375,0,350.943652474876,267.107113272544,257.358678481575,5349.94101328366,540.06328741967,3006.41728953477,6375.47635329357,0,0,688.239496242395
"690",715,2,1690.10459141292,6.45078088325544,135.466398548364,6.45078088325544,170.945693406269,0,120.952141561039,4051.09039468442,85.4728467031346,12.9015617665109,0,0,0,12506.4514374115,425.751538294859,1.61269522081386,0,578.957584272175,678.944687962635,441.878490502997,5155.78662094191,64.5078088325544,1998.12937858837,3536.64061924479,0,0,330.602520266841
"691",716,2,913.944061913371,15.6676124899435,67.8929874564219,0,190.622618627646,0,78.3380624497176,3157.02391672362,44.3915687215066,75.7267937013936,5.22253749664784,0,0,9669.52817504347,274.183218574011,0,0,415.191730983503,362.966356017025,138.397243661168,4238.08917852972,245.459262342448,2504.20672964264,3290.19862288814,0,0,571.867855882938
"692",717,2,2179.34028919393,10.1957440430126,101.957440430126,0,530.178690236653,2.54893601075314,295.676577247364,5151.3996777321,389.987209645231,229.404240967783,0,0,0,19178.1945449066,285.480833204352,2.54893601075314,0,1299.9573654841,751.936123172176,38.2340401612971,5895.68899287201,48.4297842043097,2564.22962681766,3611.8423272372,0,0,563.314858376444
"693",718,2,1396.83850816577,0,86.2245992694921,0,244.877861925358,0,169.000214568205,3497.2697463706,413.878076493562,562.184387237089,0,0,0,11312.6674241574,2021.1046068769,0,0,1376.14460434109,907.082784315057,258.673797808476,4069.80108552003,51.7347595616953,1610.67551435411,2072.83936643859,0,0,410.429092522783
"694",719,2,3024.43170749056,7.56107926872641,158.782664643255,0,294.88209148033,0,219.271298793066,4498.84216489221,355.370725630141,196.588060986887,0,0,0,13488.9654154079,514.153390273396,0,0,1035.86785981552,703.180371991556,370.492884167594,5791.78671984443,7.56107926872641,2275.88485988665,3069.79818310292,0,0,1338.31103056457
"695",720,1,106.459622169077,0,2.41953686747902,0,13.3074527711346,0,8.46837903617657,659.323796388033,2.41953686747902,4.83907373495804,0,0,0,2719.55943904642,137.913601446304,0,2.41953686747902,31.4539792772273,234.695076145465,130.654990843867,1508.58123687317,30.2442108434878,544.39579518278,1242.43218145048,1.20976843373951,0,315.749561206012
"696",721,1,548.066780961584,2.44672670072136,41.5943539122631,0,58.7214408173126,0,24.4672670072136,778.059090829391,58.7214408173126,80.7419811238048,0,0,0,2258.32874476581,163.930688948331,7.34018010216407,0,95.4223413281329,540.72660085942,185.951229254823,2544.59576875021,80.7419811238048,763.378730625063,927.309419573394,0,0,628.808762085389
"697",723,2,1972.39497817626,10.7341223302109,104.657692719557,5.36706116510546,297.871894663353,0,193.214201943797,3818.66401897254,327.390731071433,576.959075248838,0,0,0,12907.7821020786,179.796549031033,0,0,759.439154862423,818.476827678583,249.568344177404,6386.8027864755,59.0376728161601,1768.44665390225,3561.04508304748,0,0,711.135604376474
"698",724,2,567.097794483351,0,90.0996495908128,0,95.3996289785077,0,31.7998763261692,3683.48567444794,254.399010609354,376.298536526336,0,0,0,14161.5449239207,227.89911367088,0,0,1107.69569202823,180.199299181626,243.799051833964,4727.58161382383,52.9997938769487,2172.9915489549,3619.8859217956,0,0,476.998144892539
"699",725,2,1233.51125084484,3.46491924394617,45.0439501713002,1.73245962197308,150.723987111658,0,157.653825599551,3090.70796559998,86.6229810986542,168.048583331389,1.73245962197308,0,0,10214.5819311533,284.123378003586,5.19737886591925,0,422.720147761432,687.786469923314,228.684670100447,4769.4613392919,24.2544347076232,2378.66706096904,3125.35715803944,0,0,521.470346213898
"700",726,1,2.60272769493859,0,0,0,2.60272769493859,0,0,18.2190938645702,0,2.60272769493859,0,0,0,59.8627369835877,0,0,0,0,2.60272769493859,0,26.0272769493859,0,20.8218215595087,31.2327323392631,0,0,5.20545538987719
"701",727,2,1146.12707186143,45.616997885032,74.127621563177,11.404249471258,151.106305494168,0,185.319053907942,2702.80712468814,253.74455073549,373.489170183699,0,0,0,10451.994640408,587.318847769787,34.212748413774,0,1111.91432344765,1071.99945029825,171.06374206887,4772.67840372147,48.4680602528465,1511.06305494168,2774.08368388351,0,0,473.276353057207
"702",728,2,2550.12707349511,13.6006777253072,129.206438390419,0,370.618468014622,10.2005082939804,336.616773701354,5215.85990765532,255.012707349511,435.221687209831,3.40016943132681,0,0,16701.6322466773,1380.46878911868,129.206438390419,0,1111.85540404387,3267.56282350506,234.61169076155,6582.7280190487,190.409488154301,3950.99687920175,5433.47075126024,10.2005082939804,0,503.225075836367
"703",729,1,374.045508946343,4.02199471985315,24.1319683191189,4.02199471985315,68.3739102375036,0,0,2059.26129656481,24.1319683191189,116.637846875741,0,0,0,6499.5434672827,317.737582868399,16.0879788794126,0,144.791809914714,1717.3917453773,24.1319683191189,3060.73798180825,16.0879788794126,1665.10581401921,2220.14108535894,0,0,333.825561747812
"704",730,1,68.308640870931,0,1.42309668481106,0,0.711548342405531,2.84619336962212,0,35.5774171202766,0,134.482636714645,0.711548342405531,0,0,245.484178129908,2.13464502721659,18.5002569025438,0,0,598.412155963052,24.1926436417881,408.428748540775,2.13464502721659,14.9425151905162,5.69238673924425,0.711548342405531,0,7.11548342405531
"705",731,1,836.979980430753,425.014333047242,113.709975069657,132.350954589273,48.4665467510013,1.86409795196159,46.6024487990397,1504.327047233,333.673533401124,300.119770265816,7.45639180784635,0,0,4061.8694373243,324.353043641316,303.847966169739,0,259.109615322661,4268.78430999204,82.0203098863098,2594.82434913053,186.409795196159,633.79330366694,644.977891378709,5.59229385588476,9.32048975980794,106.25358326181
"706",732,2,2090.5780818457,312.100519327676,145.316643919764,71.006996460794,206.415687386029,14.8619294917941,229.534244373264,2483.5935506287,138.711341923412,553.194042194558,9.9079529945294,0,0,6631.72320433834,766.21503157694,249.350150362323,0,891.715769507646,3092.93265979226,214.67231488147,5292.49822457779,229.534244373264,1818.10937449614,2957.52396886702,1.65132549908823,0,189.902432395147
"707",733,2,2128.12956588262,592.552205101442,119.233065660656,209.561145706608,350.472950578292,7.22624640367613,169.816790486389,5708.73465890414,354.08607378013,1029.74011252385,18.0656160091903,14.4524928073523,0,18864.1162367965,1029.74011252385,1033.35323572569,0,527.515987468357,4400.78405983876,346.859827376454,8909.96181573266,198.721776101093,4043.08486285679,6897.45219230886,0,0,650.362176330851
"708",734,1,97.9171275478557,1.20885342651674,0,1.20885342651674,16.9239479712343,0,0,450.902328090743,1.20885342651674,2.41770685303347,0,0,0,1625.90785866501,72.5312055910042,0,0,9.67082741213389,754.324538146444,4.83541370606695,987.633249464174,6.04426713258368,366.282588234571,290.124822364017,0,0,48.3541370606695
"709",735,2,2432.81555909475,274.244663025226,120.903561118648,147.443367217864,538.168290345202,1.47443367217864,291.93786709137,5072.05183229451,558.810361755703,797.668616648642,14.7443367217864,4.42330101653591,0,15508.0933639749,1670.5333505784,222.639484498974,0,1359.4278457487,1845.99095756765,162.18770393965,5642.65766342764,853.69709619143,3671.3398437248,6570.076443228,0,0,327.324275223657
"710",736,2,4136.1823259464,175.305024871193,248.983948367781,45.731745618572,708.842057087866,45.731745618572,376.016575086037,7825.20980584454,609.756608247627,1298.27344506057,48.2723981529371,2.54065253436511,0,24616.3824054636,2134.14812886669,403.963752964053,5.08130506873022,1811.48525700232,7629.57956069843,271.849821177067,10932.4278553731,332.82548200183,5030.49201804292,7606.71368788914,0,0,652.947701331834
"711",737,1,272.419645157347,105.45276586736,17.5754609778934,17.5754609778934,0,17.5754609778934,2.92924349631556,641.504325693109,5.85848699263113,202.117801245774,0,0,0,2085.62136937668,169.896122786303,175.754609778934,0,0,4651.63867214912,82.0188178968358,2510.36167634244,8.78773048894669,805.54196148678,401.306358995232,0,0,61.5141134226268
"712",738,1,5.66265977948027,0,0.566265977948027,0,0.188755325982676,0,0,6.60643640939365,0.188755325982676,3.39759586768816,3.02008521572281,0,0,11.5140748849432,0.943776629913379,0,0.377510651965351,0.188755325982676,19.2530432502329,0,22.8393944439038,0,0.377510651965351,0,0,0,1.51004260786141
"713",739,1,13.6400818436702,0,0,0,1.13667348697252,0,0,15.9134288176153,0,53.4236538877085,0,0,0,140.947512384593,6.82004092183512,21.5967962524779,0,0,580.840151842958,3.41002046091756,284.16837174313,0,21.5967962524779,1.13667348697252,0,0,1.13667348697252
"714",740,2,1489.48654171561,178.84515823467,112.111890236659,88.0879137573747,122.78921311634,50.7172836784884,117.4505516765,2741.4026493583,245.578426232681,1091.75626444746,90.7572444772951,0,8.00799215976133,7618.26987465295,1500.16386459529,368.367639349021,0,867.532483974144,9267.91625956378,138.805197435863,6470.45766508716,197.530473274113,3787.78029156711,2111.44059945707,128.127874556181,2.66933071992044,293.626379191249
"715",741,2,2397.65031437607,633.525489570913,204.677465861372,219.29728485147,229.043830844869,53.6060029636926,126.705097914183,3235.85326980836,272.903287815163,633.525489570913,0,0,0,9498.009070567,1661.78609187447,438.59456970294,0,911.302050382775,8469.74846826344,82.8456409438886,6349.87471469923,180.311100877875,2646.18723720774,2553.59505027045,0,4.87327299669933,370.368747749149
"716",742,2,5114.8937870314,715.191141257823,210.725961263466,210.725961263466,472.537004045347,0,740.733682017031,6877.32909941674,913.145832141685,2005.08944959783,19.156905569406,0,0,18824.8525395363,2982.09163363753,191.56905569406,0,4916.93909614753,3403.54355616446,517.236450373961,10031.8328831789,4457.17336248179,6647.44623258387,17617.9674886637,38.3138111388119,0,510.850815184159
"717",743,2,1266.24768604675,4.83300643529294,53.1630707882224,0,220.385093449358,0.966601287058589,100.526533854093,2313.0768799312,228.117903745827,363.442083934029,0,0,0,7737.643302904,176.888035531722,2.89980386117577,0,553.862537484571,1185.05317793383,99.5599325670346,3434.33437291917,79.2613055388043,1661.58761245371,1920.63675738542,1.93320257411718,0,222.318296023475
"718",744,2,2111.11105623786,792.592571991057,111.111108223045,396.296285995528,396.296285995528,0,259.259252520439,7133.33314791951,407.407396817833,1074.07404615611,0,0,0,23881.4808607399,885.185162176928,444.444432892181,0,1170.37033994941,5137.03690351213,207.407402016351,9240.74050054994,329.629621061701,3962.96285995528,5922.22206828832,0,0,1096.29626780071
"719",745,2,2005.13038209155,12.3964784055119,108.469186048229,1.54955980068899,314.560639539865,3.09911960137798,96.0727076427174,3675.55584723429,139.460382062009,357.948313959157,3.09911960137798,0,0,13749.2441115134,539.246810639769,57.3337126254927,0,596.580523265261,4772.64418612209,266.524285718506,9466.26082240905,74.3788704330716,2377.02473425691,3184.34539041588,1.54955980068899,0,455.570581402563
"720",748,1,50.6342146074172,0,0,0,0,0,0,123.772524595909,0,16.8780715358057,0,0,0,421.951788395143,11.2520476905372,0,0,11.2520476905372,1164.5869359706,28.1301192263429,2464.19844422764,0,517.594193764709,61.8862622979544,0,0,16.8780715358057
"721",749,2,228.854019255242,2.46079590597035,8.61278567089621,0,20.9167652007479,0,7.38238771791104,1739.78270552104,3.69119385895552,3.69119385895552,0,0,0,6080.62668365273,332.207447305997,0,1.23039795298517,41.8335304014959,1149.19168808815,27.0687549656738,6754.8847618886,20.9167652007479,1497.39430878296,1820.98897041806,0,0,92.279846473888
"722",750,1,16.6027802790449,0,0,0,0,0,0,102.937237730079,0,0,0,0,0,298.850045022809,53.1288968929438,0,0,0,112.898905897506,0,544.571193152674,0,315.452825301854,189.271695181112,0,0,66.4111211161797
"723",751,2,3569.56017922753,388.532396646899,245.594056743358,161.130492254901,661.414681917296,7.79663672201135,362.543607573528,8862.17707401957,320.961545056134,839.437887069889,18.1921523513598,3.89831836100568,0,28894.3356917741,3145.94291733158,281.978361446077,19.4915918050284,1778.93261207226,3308.37284904015,330.057621231814,17897.1795953771,452.204929876658,6291.88583466316,8781.61182789212,1.29943945366856,1.29943945366856,1014.86221331514
"724",752,2,3876.46446428231,640.507777862738,247.848661868625,331.39315463333,272.912009698036,25.0633478294115,328.608338207839,6126.59613607836,523.545487992151,1289.37000500195,8.35444927647049,0,0,17828.394755988,1868.6118215039,665.571125692149,0,2222.28350754115,9468.37584666656,409.368014547054,10370.6563685254,311.899439654898,5747.8611022117,5483.30354179013,55.6963285098033,0,582.026632927444
"725",753,2,1529.68309980815,11.599492699967,27.5487951624217,1.44993658749588,378.433449336425,0,88.4461318372487,2560.58801351772,693.069688823031,1129.50060165929,2.89987317499176,0,0,10446.7931129078,971.45751362224,21.7490488124382,0,764.116581610329,706.119118110494,13.0494292874629,3714.73753716444,34.7984780999011,1561.58170473306,2486.64124755543,1.44993658749588,0,185.591883199473
"726",754,2,2924.63231266941,423.985157753849,158.633902560964,115.370110953428,677.799401851392,49.0322971552071,196.129188620828,7326.0020455427,276.888266288228,617.230093600842,31.7267805121928,0,0,27042.7540074836,1462.31615633471,331.689068991107,11.5370110953428,516.281246516592,5699.28348109936,357.647343955628,14897.1655768614,224.971716359185,4398.48548009946,6333.81909134322,2.88425277383571,8.65275832150713,1150.81685676045
"727",755,2,1855.84021253176,11.1713481566998,121.488411204111,0,354.69030397522,1.39641851958748,120.091992684523,3827.58316218929,135.452596399986,286.265796515434,0,0,0,14994.7420633304,755.462419096827,53.0639037443243,6.98209259793741,932.807571084437,1991.29280893175,166.17380383091,8793.24741784237,196.895011261835,2576.3921686389,3870.8721362965,4.18925555876244,0,1096.18853787617
"728",756,1,1393.14747232841,2.23619176938749,114.045780238762,0,98.3924378530497,13.417150616325,84.9752872367248,1612.29426572838,245.981094632624,527.741257575449,0,0,0,5572.58988931364,670.857530816248,40.2514518489749,0,831.863338212148,1207.54355546925,176.659149781612,5082.86389181777,38.0152600795874,1111.38730938558,1665.96286819368,2.23619176938749,0,413.695477336686
"729",757,3,679.436679835236,0,41.4923163258159,0,46.6788558665429,0,46.6788558665429,534.21357269488,49.2721256369064,165.969265303264,7.77980931109048,0,0,1496.31665749974,57.0519349479969,0,0,531.620302924516,705.36937753887,62.2384744887239,1270.70218747811,10.373079081454,329.345260836164,614.604935576148,0,0,256.733707265986
"730",758,3,5.67471725412046,0,0,0,0,0,0,38.5880773280191,0,0,0,0,0,149.81253550878,4.53977380329637,0,0,1.13494345082409,5.67471725412046,0,94.2003064183997,1.13494345082409,37.453133877195,37.453133877195,0,0,9.07954760659274
"731",759,3,240.527068262908,134.972023917315,13.84328450434,77.8684753369126,27.68656900868,5.1912316891275,6.92164225217001,532.966453417091,64.0251908325726,107.285454908635,3.460821126085,1.7304105630425,0,1848.07848132939,32.8778006978075,103.82463378255,17.304105630425,1.7304105630425,1024.40305332116,46.7210852021475,2464.10464177252,3.460821126085,349.542933734585,574.496306930111,0,0,91.7117598412526
"732",760,3,980.726272912978,525.593109366955,74.2685915409828,230.423066063049,93.3118201412348,43.7994257805796,39.9907800605292,1972.87848298611,127.589631621688,434.185612085746,17.1389057402268,1.9043228600252,0,5842.46253455731,599.861700907938,434.185612085746,51.4167172206804,93.3118201412348,2816.49350997727,59.0340086607812,6299.50002096336,19.043228600252,639.852480968467,1056.89918731399,0,3.8086457200504,154.250151662041
"733",761,4,1139.39036024039,330.689636878572,50.1519828441437,159.859445315708,195.906182984936,18.8069935665539,95.6022172966489,4159.48007713617,316.584391703657,300.911897064862,3.13449892775898,4.70174839163847,0,17423.1122899483,896.466693339068,197.473432448816,9.40349678327694,822.805968536732,2180.04400425637,155.157696924069,10824.9920470156,42.3157355247462,2443.34191418812,3612.51001424222,1.56724946387949,1.56724946387949,565.777056460496
"734",835,4,973.656389205759,24.7839808161466,31.8651181921885,10.6217060640628,396.543693058345,0,38.9462555682304,5031.14810567776,276.164357665633,247.839808161466,53.1085303203141,0,0,15592.6645020442,1656.9861459938,28.3245495041675,0,555.869284019288,1894.2042480912,21.2434121281257,4323.03436807357,191.190709153131,5618.88250788924,8826.63773923621,0,0,828.4930729969
"735",836,3,1374.99921779732,126.229436387951,72.1311065074004,45.0819415671252,151.775869942655,16.5300452412793,94.672077290963,2078.27750624447,91.6666145198213,698.770094290441,9.01638831342505,90.1638831342505,0,5698.35741408463,3170.76322355448,383.196503320565,66.120180965117,362.158263922573,2533.60511607244,135.245824701376,3794.39674856638,264.480723860468,2084.28843178676,1940.02621877196,31.5573590969877,39.0710160248419,261.475261089326
"736",837,3,505.938804988544,0,17.909338229683,0,125.365367607781,0,89.5466911484149,989.490937189985,22.3866727871037,317.890753576873,8.95466911484149,44.7733455742075,0,3563.95830770691,523.848143218227,210.434724198775,58.2053492464697,125.365367607781,1114.85630479777,111.933363935519,1876.00317955929,0,832.784227680259,613.394834366642,0,4.47733455742075,116.410698492939
"737",838,3,1735.63467641227,537.988113381167,105.545351943989,194.965719563202,61.568121967327,76.2271986262144,30.7840609836635,2135.82746919989,348.88602448152,1358.89640627886,279.988364184749,2.93181533177748,0,4865.34754308472,2292.67958944999,430.976853771289,4.39772299766621,219.886149883311,8374.73049522236,164.181658579539,5135.07455360825,85.0226446215468,1080.37394976,577.567620360163,26.3863379859973,5.86363066355495,150.98848958654
"738",839,3,1038.6481457758,234.612287045827,61.0969497515174,141.74492342352,21.9949019105463,68.4285837216995,4.88775598012139,1539.64313373824,207.729629155159,1935.55136812807,156.408191363884,222.392897095523,0,4609.15388925447,1534.75537775812,923.785880242943,405.683746350075,141.74492342352,7097.02168313626,256.607188956373,7123.90434102693,36.6581698509104,268.826578906676,285.933724837101,7.33163397018209,100.198997592489,85.5357296521243
"739",840,3,535.783000211374,88.6257594334603,52.3697669379538,20.1422180530592,12.0853308318355,0,56.3982105485657,870.143819892156,68.4835413804012,149.052413592638,16.1137744424473,0,0,2852.13807631318,1079.62288764397,12.0853308318355,0,64.4550977697893,1079.62288764397,76.5404286016248,1635.5481059084,56.3982105485657,813.74560934359,1019.19623348479,4.02844361061183,0,108.76797748652
"740",841,2,2746.50197886429,444.287084816282,100.974337458246,193.293731705785,455.827009097224,2.8849810702356,320.232898796151,6107.50492568876,868.379302140915,1286.70155732508,5.76996214047119,0,0,15884.7057727172,4209.18738147374,199.063693846256,0,545.261422274528,680.855532575601,317.347917725916,6095.96500140782,698.165418997015,10876.3786347882,7541.34051759585,5.76996214047119,2.8849810702356,983.778544950339
"741",842,2,2394.45220335853,300.636776643904,90.457083237989,109.080600375222,391.093859881893,26.6050244817615,186.23517137233,5722.74076602689,194.216678716859,1418.04780487789,21.2840195854092,13.3025122408807,0,15108.9934031923,2006.01884592481,1112.09002333763,23.9445220335853,779.527217315611,4435.05758110964,462.927425982649,5847.78438109117,316.599791332961,6571.44104699508,4451.02059579869,0,0,973.743896032469
"742",843,4,777.430062629028,831.311354098367,23.091982058288,438.747659107472,130.854564996965,0,38.4866367638133,3694.71712932608,254.011802641168,1146.90177556164,0,0,0,8744.16387273838,1208.48039438374,584.996878809962,0,46.1839641165759,6773.64807043114,508.023605282335,3941.03160461448,138.551892349728,4518.33115607168,3633.13851050397,7.69732735276266,0,1439.40021496662
"743",844,1,685.242888526337,753.76717737897,22.8414296175446,422.566447924574,45.6828592350891,0,22.8414296175446,1370.48577705267,331.200729454396,582.456455247386,34.2621444263168,0,0,4122.87804596679,2089.99081000533,365.462873880713,0,171.310722131584,4476.92020503873,194.152151749129,2169.93581366673,114.207148087723,1142.07148087723,468.249307159663,11.4207148087723,11.4207148087723,34.2621444263168
"744",846,3,1040.90841926614,637.367836434701,30.1712585294533,260.227104816535,15.0856292647267,139.542070698722,7.54281463236333,2557.01416037117,241.370068235626,3299.98140165896,279.084141397443,776.909907133423,0,7999.15491762131,6630.13406184736,1870.61802882611,56.5711097427249,41.4854804779983,9398.3470319247,214.970217022355,13264.0395310109,252.684290184171,324.341029191623,1010.73716073669,0,456.340285257981,256.455697500353
"745",847,2,2171.31303325038,1435.65255997253,84.7124181350252,726.743376632058,75.795321489233,40.1269349060646,124.83935304109,3107.60818105856,887.251116256316,1814.6291674187,142.673546332674,4.45854832289606,0,7254.05812135189,5675.73201504669,370.059510800373,0,378.976607446165,7289.72650793506,557.318540362008,3071.93979447539,726.743376632058,2942.6418931114,2278.31819299989,4.45854832289606,0,365.600962477477
"746",848,4,2095.08642212799,1451.30320538174,100.474837295659,803.798698365269,126.523869187126,18.6064513510479,44.6554832425149,4134.35349020284,900.552245390718,1149.87869349476,66.9832248637724,7.44258054041916,0,9046.45664687948,6408.06184530089,617.73418485479,0,617.73418485479,9221.35728957933,334.916124318862,3300.7844696759,699.602570799401,4744.64509451721,4007.82962101572,85.5896762148203,0,480.046444857036
"747",849,4,3952.39772972955,836.125153833775,117.313478216473,345.541517655795,157.839952509437,217.563177783278,49.058363617798,4925.03311276068,418.062576916887,4229.68413278667,204.765343796026,524.711193477318,4.26594466241722,18187.8550682158,6729.52770496316,3813.75452820099,454.323106547434,100.249699566805,17221.6186021783,403.131770598427,16379.0945313509,1279.78339872517,2329.2057856798,2875.24670246921,17.0637786496689,206.898316127235,317.812877350083
"748",850,4,3613.44964269121,1005.62985339048,258.509369091902,445.999680740975,181.808787053646,25.5668606794189,215.897934626204,3533.90829835524,1051.08205015389,1801.04329675018,224.420221519344,17.0445737862793,0,9786.42611562202,3755.48775757687,727.235148214583,22.7260983817057,1232.89083720753,11107.3805840587,247.14631990105,4746.91379947878,448.840443038688,2539.64149415561,2414.64795305623,11.3630491908529,0,528.381787374658
"749",851,4,2980.1396062212,772.77824589216,86.7610041079971,437.840416079893,187.645892605668,12.1061866197205,98.8671907277177,3910.29827816973,748.565872652719,1745.30857100971,236.07063908455,0,0,10740.2052294621,3744.84706103355,490.300558098682,0,883.751623239599,12184.8768327487,294.5838744132,4253.30689906181,282.477687793479,2814.68838908502,2608.88321654977,22.1946754694876,0,308.707758802874
"750",852,3,2318.24710026414,1078.78825457836,75.921268325482,669.166527799016,121.827151499029,15.8904980216125,70.6244356516112,3273.44259245218,667.400916907726,1370.11405164126,203.045252498382,0,1.76561089129028,9018.74043271075,4781.27429361408,323.106793106121,0,766.275126819981,10051.6228041156,271.904077258703,4401.66795198667,455.527609952892,3112.77200134476,3163.97471719218,30.0153851519347,0,441.40272282257
"751",853,4,3470.12661419963,259.427996077544,254.993329477928,110.866664990404,155.213330986565,73.1719988936664,195.12533038311,3902.50660766221,702.894656039159,1940.16663733206,119.735998189636,126.38799808906,0,11259.6184964254,3631.99194508562,1053.23331740883,8.86933319923229,2337.06929799771,13749.6837921099,101.997331791171,6197.44657296356,84.2586653927068,2294.93996530136,1784.9533063455,33.2599994971211,8.86933319923229,436.81466006219
"752",854,1,204.716507661355,286.603110725896,0,118.280648871005,9.09851145161576,9.09851145161576,4.54925572580788,1232.84830169394,13.6477671774236,295.701622177512,4.54925572580788,0,0,2743.20120266215,304.800133629128,259.307576371049,13.6477671774236,4.54925572580788,2361.06372169429,227.462786290394,1473.95885516175,54.5910687096946,1110.01839709712,545.910687096946,4.54925572580788,0,68.2388358871182
"753",855,3,530.648210737973,130.775862361965,22.6342838703401,49.0409483857368,32.6939655904912,5.02984086007557,22.6342838703401,588.491380628842,22.6342838703401,21.3768236553212,6.28730107509446,0,0,2594.14042358398,624.95772686439,130.775862361965,0,77.9625333311713,4018.84284720038,27.6641247304156,2233.24934187355,2.51492043003778,316.879974184761,201.193634403023,6.28730107509446,0,716.752322560769
"754",939,4,3517.84514307243,147.978189574749,191.699018312742,73.9890947873743,961.858232235866,26.905125377227,252.235550411503,7150.03706899808,1261.17775205752,1012.30534231817,10.0894220164601,0,3.36314067215338,24604.7371574741,5639.98690720121,292.593238477344,0,1237.63576735244,5471.82987359354,269.05125377227,8636.54524608987,285.866957133037,4109.75790137143,6030.111225171,6.72628134430675,0,501.107960150853
"755",940,3,1716.19882994772,0,131.383642484036,0,139.595120139288,0,65.6918212420179,2479.86625188617,41.0573882762612,24.6344329657567,0,0,0,8195.05469994173,164.229553105045,0,0,131.383642484036,2717.99910388849,114.960687173531,4475.25532211247,0,2069.29236912356,1551.96927684267,0,0,418.785360417864
"756",941,3,403.163137221507,152.847563012549,11.0759103632282,42.0884593802672,11.0759103632282,62.0250980340779,4.43036414529128,1125.31249290399,31.012549017039,292.404033589225,73.1010083973061,6.64554621793692,0,3852.20162433077,618.035798268134,600.314341686969,6.64554621793692,4.43036414529128,4676.24935535495,81.9617366878887,3475.62067198101,48.7340055982041,507.276694635852,330.0621288242,8.86072829058256,0,66.4554621793692
"757",942,3,1297.40777849078,210.976644830567,59.1523303263273,100.558961554756,120.276404996865,15.7739547536873,138.022104094764,2760.44208189527,347.02700458112,644.760400556967,65.06756335896,5.91523303263273,0,8995.09769829017,2533.69148231102,504.766552117993,0,510.681785150625,6063.11385844855,169.570013602138,4306.28964775663,90.7002398337018,2123.56865871515,1766.68293241297,43.37837557264,0,329.281305483222
"758",943,4,1602.93107087867,229.358304354021,51.5411919896677,92.7741455814019,157.200635568486,0,97.9282647803686,4125.8724187729,394.290118720958,543.759575490994,2.57705959948339,0,0,9362.45752492314,1350.37923012929,33.501774793284,0,628.802542273946,4027.94415399253,231.935363953505,5782.92174124072,226.781244754538,3605.30637967726,2242.04185155055,67.003549586568,0,319.55539033594
"759",944,3,881.582441722773,210.659258162671,47.7966384066563,53.1073760073959,42.4859008059167,21.2429504029584,44.2561466728299,2005.68856721265,65.4990970757883,481.50687580039,70.8098346765279,92.0527850794863,0,5307.19710900577,1026.74260280965,414.237532857688,51.3371301404827,226.591470964889,4521.20794409631,141.619669353056,6079.02430697992,187.646061892799,1777.32685038085,1605.61300129027,12.3917210683924,65.4990970757883,263.766634170066
"760",945,3,697.357340972917,52.8559353793654,68.2012069411166,3.41006034705583,98.8917500646191,0,69.9062371146445,1935.20924695418,114.23702162637,165.387926832208,3.41006034705583,25.5754526029187,0,6485.93478010019,516.624142578958,110.826961279314,0,552.429776223045,569.480077958324,40.92072416467,2722.93318712408,73.3162974617004,1205.45633268424,1795.39677272489,1.70503017352792,23.8704224293908,274.509857937994
"761",946,3,637.59114118699,255.956059082277,12.2613680997498,68.9701955610927,7.66335506234363,68.9701955610927,7.66335506234363,1575.58580081785,53.6434854364054,968.648079880235,148.669088209466,85.8295766982487,0,4662.38521992987,1305.83570262336,964.050066842829,67.437524548624,76.6335506234363,5698.47082435873,116.482996947623,7583.65616969526,249.825375032402,381.635082104713,833.773030782987,0,33.718762274312,33.718762274312
"762",947,3,950.719094140304,253.234018186625,104.786490284121,103.694964343661,56.7593489038988,12.0067853450555,65.4915564275755,1610.0007621779,167.003468890317,374.39339757764,113.518697807798,6.54915564275755,0,3901.11371120258,2217.98071101389,210.664506508701,1.09152594045959,89.5051271176865,2485.40456642649,86.2305492963077,3612.95086292125,281.613692638575,860.122441082158,1808.65848334154,8.73220752367673,0,130.983112855151
"763",948,4,1900.14836709494,155.882044259557,139.756315543051,17.4695394428813,258.011659464094,25.5324038011343,185.445880239817,5037.9464131817,201.571608956323,399.11178573352,20.1571608956323,0,6.71905363187744,12552.5359950734,1738.89107992988,575.150990888709,17.4695394428813,638.310095028357,8533.19811248435,189.477312418944,6411.32097553745,213.665905493703,5313.42761208868,3643.07087920395,98.0981830254106,0,862.726486333063
"764",949,3,126.903272277942,0,5.4582052592663,0,1.36455131481658,0,1.36455131481658,195.13083801877,0,13.6455131481658,5.4582052592663,0,0,522.623153574749,446.20827994502,1.36455131481658,0,8.18730788889946,379.345265519008,19.1037184074321,394.355329981991,12.2809618333492,229.244620889185,388.897124722724,0,0,20.4682697222486
"765",950,4,995.153072299677,699.980550854857,78.7126723852852,193.97051409231,19.6781680963213,75.9015055143821,16.8670012254183,2698.72019606692,241.760350897662,1214.42408823011,314.850689541141,56.2233374180608,0,7390.5577036041,4419.15432105958,1222.85758884282,5.62233374180608,148.991844157861,8394.14427651648,140.558343545152,11711.3211841821,477.898368053517,1636.09911886557,1374.66059987159,118.069008577928,16.8670012254183,33.7340024508365
"766",951,4,2657.39700158337,665.75083109288,162.583360856366,305.544591954206,64.4727120637315,113.528036460049,64.4727120637315,2976.95740050795,452.710565143158,1551.54983162067,121.937520642275,37.8426788200163,5.60632278815057,8654.76080420744,5855.80415222327,1230.58785199905,124.74068203635,567.640182300245,9909.17552805613,281.717720104566,8794.9188739112,662.947669698804,1857.09442357488,2221.50540480466,46.2521630022422,4.20474209111292,391.041014473502
"767",952,4,1639.69662377449,1386.37270718012,82.9060090672496,700.095187678997,105.935456030375,23.0294469631249,36.8471151409998,2722.08063104136,654.036293752747,1229.77246783087,73.6942302819997,9.21177878524996,4.60588939262498,7410.87603273359,2699.05118407824,976.448551236496,0,9.21177878524996,10736.3281742088,230.294469631249,4495.34804720198,299.382810520624,2178.58568271162,2224.64457663787,9.21177878524996,0,847.483648242996
"768",953,3,477.21293024921,6.27911750327907,34.5351462680349,3.13955875163954,28.2560287647558,0,15.6977937581977,1431.63879074763,43.9538225229535,216.629553863128,9.41867625491861,0,3.13955875163954,2910.37096276985,1535.24422955173,84.7680862942675,6.27911750327907,313.955875163954,4973.06106259703,40.814263771314,1585.47716957797,37.6747050196744,2307.57568245506,467.794253994291,6.27911750327907,0,156.977937581977
"769",954,3,861.65683812891,206.363192324991,3.62040688289458,68.787730774997,68.787730774997,0,18.1020344144729,1752.27693132098,144.816275315783,347.55906075788,18.1020344144729,7.24081376578916,3.62040688289458,3377.83962174064,648.05283203813,141.195868432889,0,235.326447388148,5687.65921302739,97.7509858381537,2461.87668036831,32.5836619460512,1897.09320663676,1118.70572681443,65.1673238921025,0,242.567261153937
"770",955,3,1589.45754966441,13.7120708813608,117.695275065014,0,74.2737172740377,86.8431155819518,20.5681063220412,1854.55758670405,209.109080940752,1154.0992991812,228.534514689347,11.4267257344673,0,6140.72240970275,2204.21539417875,626.18457024881,25.1387966158282,492.491879155542,5535.10594577598,83.4150978616116,5620.80638878449,114.267257344673,707.314322963528,590.761720471962,1.14267257344673,2.28534514689347,51.420265805103
"771",956,3,527.764333489954,0,25.4958615212538,0,15.2975169127523,0,30.5950338255046,418.132128948562,22.9462753691284,114.731376845642,5.09917230425076,0,0,1014.7352885459,1318.13604064882,2.54958615212538,0,61.1900676510091,1065.72701158841,63.7396538031345,1216.15259456381,20.396689217003,262.607373668914,155.524755279648,0,0,127.479307606269
"772",958,3,85.0446817793236,0,2.1806328661365,0,6.54189859840951,0,8.72253146454601,45.7932901888666,0,2.1806328661365,0,0,0,78.5027831809141,1147.0128875878,8.72253146454601,0,0,1011.81364988734,8.72253146454601,239.869615275015,0,285.662905463882,65.4189859840951,0,0,95.9478461100061
"773",959,3,29.1246636061336,0,0,0,0,0,0,11.3966074980523,0,188.677168578865,0,0,0,138.025579698633,22.7932149961045,1.26628972200581,0,0,1267.55601172781,12.6628972200581,312.773561335434,0,31.6572430501452,8.86402805404065,1.26628972200581,0,27.8583738841278
"774",960,1,42.8482785230342,0,2.25517255384391,0,0,1.12758627692195,0.563793138460977,20.2965529845952,3.94655196922684,43.9758647999562,0,0,0,71.0379354460831,255.962084861283,2.25517255384391,1.12758627692195,1.12758627692195,581.834518891728,5.63793138460977,239.612083845915,1.12758627692195,24.806898092283,1.12758627692195,0,0,35.5189677230415
"775",961,4,4087.6942709879,1194.02097930496,347.240795001953,414.252176493558,280.229413510348,115.746931667318,164.48248184303,7889.06718469349,134.02276298321,462.987726669271,67.011381491605,0,0,23581.914341273,7103.20643811012,938.159340882469,18.2758313158923,219.309975790707,10216.1897055838,481.263557985163,22972.7199640766,310.689132370168,6085.85182819212,8224.12409215152,0,0,657.929927372121
"776",962,2,2433.11112292249,31.5988457522402,71.0974029425404,0,300.189034646282,7.89971143806005,308.088746084342,3357.37736117552,157.994228761201,308.088746084342,0,0,0,9432.2554570437,1500.94517323141,31.5988457522402,0,1161.25758139483,2599.00506312176,71.0974029425404,4265.84417655243,387.085860464942,3049.28861509118,3396.87591836582,7.89971143806005,7.89971143806005,631.976915044804
"777",963,4,2237.80812788067,1318.49235642699,133.058861657769,374.984064671896,193.540162411301,48.3850406028252,84.6738210549442,10009.6552747095,241.925203014126,780.208779720557,6.04813007535315,0,6.04813007535315,24531.2155856324,3193.41267978647,828.593820323382,0,314.502763918364,8370.61202428877,260.069593240186,12483.3404755289,1554.36942936576,10892.682265711,12186.9821018366,48.3850406028252,0,1663.23577072212
"778",964,2,2228.06204128202,768.297255614489,121.647065472294,288.111470855433,230.489176684347,70.4272484313281,147.256973992777,7458.88585659066,371.343673547003,1690.25396235187,262.50156233495,12.8049542602415,0,20372.6822280442,5326.86097226045,857.931935436179,0,339.331287896399,10199.1460682823,243.294130944588,10237.5609310631,390.551104937365,3668.61939555918,5672.59473728697,57.6222941710866,0,819.517072655454
"779",965,4,779.774538198472,1076.08886271389,46.7864722919083,389.887269099236,77.9774538198472,15.5954907639694,62.3819630558777,4413.52388620335,187.145889167633,499.055704447022,15.5954907639694,46.7864722919083,0,12585.5610465233,2401.70557765129,2729.21088369465,15.5954907639694,46.7864722919083,11431.4947299896,1154.06631653374,12710.3249726351,577.033158266869,11571.8541468653,6487.72415781128,0,15.5954907639694,1091.68435347786
"780",966,4,2574.69067267874,4171.65071016302,73.3297976395844,2020.64331273521,211.841637625466,105.920818812733,122.216329399307,9280.29327905406,725.150221102556,1026.61716695418,122.216329399307,659.968178756259,0,26447.6136820101,17501.3783699808,2770.23679971763,105.920818812733,89.6253082261587,10901.6965824182,97.7730635194458,14739.2893255565,1482.89146337826,8595.88183441794,14283.0150291324,73.3297976395844,358.501232904635,1776.2106539366
"781",967,1,76.5130812251241,0,0,0,20.1350213750327,2.01350213750327,0,253.701269325411,36.2430384750588,72.4860769501176,0,0,0,1508.11310098995,16.1080171000261,2.01350213750327,0,2.01350213750327,130.877638937712,2.01350213750327,444.983972388222,0,161.080171000261,215.444728712849,0,0,58.3915619875947
"782",968,4,2402.53407586275,861.285800780985,181.323326480207,611.9662268707,169.990618575194,135.992494860156,260.652281815298,4000.44589046958,555.302687345635,770.624137540882,0,0,0,10890.7322967175,2629.18823396301,815.954969160933,0,1087.93995888124,4952.39335449066,328.648529245376,6561.63787700251,271.984989720311,2629.18823396301,2413.86678376776,0,0,271.984989720311
"783",969,1,1498.90830941922,59.9563323767689,169.876275067512,0,59.9563323767689,89.9344985651533,79.9417765023585,1708.75547273791,109.919942690743,229.832607444281,19.9854441255896,0,0,3767.25621767364,1628.81369623555,119.912664753538,0,159.883553004717,4246.90687668779,199.854441255896,2917.87484233608,69.9490544395637,1878.63174780542,839.388653274764,0,0,259.810773632665
"784",970,2,1625.97473285307,964.561282200971,36.7451917028941,431.756002509006,266.402639845983,9.18629792572353,55.1177875543412,4997.3460715936,1166.65983656689,1286.08170960129,0,0,0,13650.8387176252,1350.38579508136,633.854556874924,0,1010.49277182959,3279.5083594833,110.235575108682,5686.31841602287,110.235575108682,7358.22463850455,7192.87127584153,27.5588937771706,0,973.747580126695
"785",971,1,278.310991324934,739.263570706856,0,391.374831550689,8.69721847890419,26.0916554367126,0,1408.94939358248,391.374831550689,521.833108734251,26.0916554367126,0,0,3513.67626547729,3331.0346774203,95.6694032679461,0,217.430461972605,3026.63203065866,52.1833108734251,3000.54037522195,313.099865240551,887.116284848227,1382.85773814577,0,0,0
"786",972,2,3165.19307257609,514.754582737289,273.805629115579,142.378927140101,591.420158889651,0,350.471205267941,6494.66952262153,635.229059548143,1577.12042370574,21.9044503292463,0,0,22594.4405146176,1631.88154952885,372.375655597187,0,1369.0281455779,9594.14924420989,394.280105926434,10470.3272573797,449.04123174955,4194.70223805067,6319.43391998756,98.5700264816085,0,963.795814486838
"787",973,2,1481.78697401258,197.707477963164,97.8346282704318,132.484392449543,156.943049517151,12.229328533804,93.7581854258305,4879.50208498779,238.471906409178,391.338513081727,4.07644284460133,0,2.03822142230066,13531.7520226541,1326.88214591773,99.8728496927325,2.03822142230066,642.039748024709,3815.55050254684,242.548349253779,5676.44666110735,487.134919929859,4174.27747287176,4887.65497067699,20.3822142230066,0,719.492162072134
"788",974,2,829.299159276314,316.258153961306,38.6537743730485,115.961323119146,115.961323119146,0,38.6537743730485,3840.77958088564,70.2795897691791,189.754892376784,0,0,0,10626.2739730999,372.481825776649,80.821528234556,0,579.806615595728,1981.88443149085,24.5978564192127,4142.98181689311,70.2795897691791,2361.39421624442,2301.65656494062,0,0,344.369989868978
"789",975,1,567.793126012919,380.218611169366,60.8349777870985,238.270329666136,35.4870703758075,0,50.6958148225821,1485.38737430166,212.922422254845,228.131166701619,147.017862985488,0,0,3487.87205979365,1115.30792609681,40.5566518580657,0,613.419359353243,5693.14000457597,60.8349777870985,2529.72115964685,101.391629645164,851.689689019379,755.367640856473,101.391629645164,0,157.157025950004
"790",976,2,1320.11068921341,0,12.2232471223464,0,488.929884893856,12.2232471223464,122.232471223464,5622.69367627934,757.841321585476,660.055344606705,0,0,0,15144.6031845872,158.902212590503,12.2232471223464,0,562.269367627934,183.348706835196,293.357930936313,3789.20660792738,733.394827340784,5537.13094642292,5182.65677987487,0,0,378.920660792738
"791",977,2,1630.88585971536,1131.81696275328,80.2075012974766,632.748065791205,525.804730727902,0,151.503058006345,7949.4545730388,2023.01142161413,1292.23196534823,17.823889177217,392.125561898775,0,20337.0575512046,1541.76641382927,1782.3889177217,17.823889177217,133.679168829128,2397.31309433569,196.062780949387,8796.08930895661,837.722791329201,6612.66288474752,8261.37263364009,8.91194458860852,151.503058006345,320.830005189907
"792",978,2,836.500031131156,375.252350413977,59.9361393022324,145.931469605435,224.109042608347,7.81775730029118,127.690035904756,2962.93001681036,198.049851607377,302.286615611259,5.21183820019412,151.14330780563,0,9071.20438743787,1263.87076354707,622.814664923197,31.2710292011647,338.769483012618,2783.12159890366,75.5716539028148,4552.54066786957,101.630844903785,1758.99539256552,2467.80538779192,0,96.4190067035913,437.794408816306
"793",979,2,857.217979103805,1382.30353087957,15.8158298727639,319.479763429831,211.932120295037,0,60.1001535165029,5029.43389953893,309.990265506173,512.432887877551,12.6526638982111,281.521771735198,0,15743.0770553492,1233.63473007559,1271.59272177022,9.48949792365836,297.337601607962,2008.61039384102,88.568647287478,6269.39496156362,126.526638982111,3084.08682518897,4826.99127716755,22.1421618218695,117.037141058453,699.059680376165
"794",980,3,532.160312486552,152.825525637164,19.1031907046455,49.122490383374,35.4773541657701,0,2.72902724352078,848.727472734962,57.3095721139364,204.677043264058,0,24.561245191687,0,2379.71175635012,1782.05479001907,382.063814092909,0,5.45805448704156,1228.06225958435,81.8708173056234,1241.70739580195,46.3934631398532,278.360778839119,234.696342942787,0,2.72902724352078,335.670350953056
"795",981,2,1129.43186795534,678.649850481934,24.7682427183188,262.543372814179,158.51675339724,4.95364854366375,59.443782523965,6727.05472229537,391.338234949436,490.411205822711,14.8609456309913,277.40431844517,0,20319.8663261087,3759.81924464079,757.908227180554,4.95364854366375,787.630118442536,6776.59120773201,74.3047281549563,9025.54764655535,341.801749512799,3853.9385669704,8649.07035723691,79.25837669862,123.841213591594,1084.84903106236
"796",982,2,1652.89211927635,534.468110424689,34.6414516016002,287.029170413259,272.182834012573,0,89.0780184041149,7066.85612672644,564.160783226061,752.214377634748,59.3853456027432,103.924354804801,0,19834.7054313162,5814.81509026861,811.599723237491,0,989.755760045721,6542.28557390221,173.207258008001,9353.19193243206,762.111935235205,6982.72688712256,7408.32186394222,54.4365668025146,24.743894001143,658.187580430404
"797",983,4,2135.54189295719,561.640987138588,58.7763823749685,300.412621027617,515.926023069168,0,235.105529499874,6602.54695345479,809.80793494401,1397.57175869369,19.5921274583228,19.5921274583228,0,19050.0785986426,2102.88834719332,711.847297652396,0,1358.38750377705,4075.16251133115,137.14489220826,8555.2289901343,124.083473902711,7516.84623484319,5583.756325622,6.53070915277427,0,901.23786308285
"798",984,4,831.621214496014,603.915405764962,29.7007576605719,168.304293409908,79.2020204281918,39.6010102140959,19.8005051070479,2950.27526095014,633.616163425534,1613.74116622441,69.3017678746678,108.902778088764,0,8266.71088219252,3920.50001119549,554.414142997342,9.90025255352397,821.72096194249,7286.58587939364,138.603535749336,8553.81820624471,118.803030642288,2257.25758220347,2138.45455156118,9.90025255352397,79.2020204281918,217.805556177527
"799",985,2,2298.11580556545,669.354118125858,118.996287666819,171.057163521053,59.4981438334096,126.433555645995,44.6236078750572,3569.88863000458,379.300666937986,2855.91090400366,260.304379271167,327.239791083753,22.3118039375286,11059.217485035,3309.58425073341,1784.94431500229,52.0608758542334,29.7490719167048,13342.4587546421,334.677059062929,15410.0192528531,185.931699479405,1494.89086381442,959.40756931373,7.4372679791762,290.053451187872,275.178915229519
"800",986,4,2170.09820521462,2994.49305412297,266.715980529172,836.518302568766,218.222165887504,169.728351245837,290.962887850005,5394.93687888552,1442.69098558961,3115.72759072714,254.592526868755,193.97525856667,0,18233.674305267,5225.20852763968,1951.87603932712,0,109.111082943752,13105.4534069107,206.098712227087,13711.6260899315,133.357990264586,2764.14743457505,2873.2585175188,12.1234536604169,60.6172683020845,497.061600077093
"801",987,2,971.365619080669,775.224484458611,65.3803782073527,326.901891036764,18.6801080592436,18.6801080592436,93.4005402962182,1849.33069786512,401.622323273738,382.942215214494,0,0,0,5202.41009449935,1335.62772623592,261.521512829411,0,326.901891036764,4137.64393512246,280.201620888655,4894.18831152183,803.244646547476,1578.46913100609,2054.8118865168,177.461026562815,0,177.461026562815
"802",988,4,2731.8892788076,450.894346987662,185.66237817139,0,26.5231968816272,212.185575053018,106.092787526509,5755.5337233131,238.708771934645,2280.99493181994,79.5695906448816,159.139181289763,0,20635.047173906,795.695906448816,5861.62651083961,0,556.987134514171,22677.3333337913,2174.90214429343,13606.4000002748,212.185575053018,2280.99493181994,2811.45886945248,53.0463937632544,0,636.556725159053
"803",989,2,1018.16359829007,661.33056150617,33.3044167664978,252.162012660626,242.646465013055,9.51554764757079,85.6399288281371,4938.56922908924,166.522083832489,399.653001197973,9.51554764757079,352.075262960119,0,10433.7979955614,6703.70331771362,651.815013858599,14.2733214713562,95.1554764757079,818.337097691088,142.733214713562,8763.81938341269,1417.81659948805,5580.86869530027,12712.7716571546,0,218.857595894128,509.081799145037
"804",990,2,1012.43562255008,182.770106915496,37.6617190007688,46.5232999421262,223.754918769274,3.32309285300901,25.4770452064024,2936.5063844423,197.170175945201,445.294442303208,11.0769761766967,2.21539523533934,0,6708.21677260753,2683.95132761361,200.493268798211,5.53848808834836,247.016568740337,1940.68622615726,109.662064149297,4361.0055207655,135.1391093557,4749.80738456755,3222.29236980107,2.21539523533934,0,611.449084953659
"805",991,2,5056.31252901432,2794.27797656055,192.708825969693,1573.78874541916,252.356795912693,55.0596645627694,105.531023745308,6538.33516682887,2757.5715335187,2615.33406673155,344.122903517309,9.17661076046157,0,21019.0269468372,10681.5749251773,1280.13720108439,0,316.593071235924,22556.1092492145,509.301897205617,5928.09055125817,238.591879772001,6510.80533454748,4781.01420620048,22.9415269011539,0,279.886628194078
"806",992,4,2885.45403648203,4324.02333997307,224.516596498602,1945.81050298788,41.577147499741,199.570307998757,8.31542949994821,6469.40415095971,1372.04586749145,3550.68839647788,515.556628996789,598.710923996271,0,17171.361917393,26933.6761503322,2361.58197798529,365.878897997721,232.83202599855,11217.5143954301,498.925769996892,16040.4635054001,2619.36029248369,1887.60249648824,5355.13659796665,8.31542949994821,615.341782996167,58.2080064996375
"807",993,2,1963.21159629557,3402.43433236991,55.8921450902655,2019.10374138584,34.9325906814159,20.9595544088495,41.9191088176991,3605.04335832212,1578.9530988,1257.57326453097,48.9056269539823,230.555098497345,0,9243.16349430265,6427.59668538053,1264.55978266726,20.9595544088495,69.8651813628318,2864.47243587611,279.460725451327,4660.00759690088,831.395658217699,2759.67466383186,4387.53338958584,0,69.8651813628318,607.827077856637
"808",995,1,115.761271960654,58.8960857343677,11.169947294449,11.169947294449,13.2008468025307,5.07724877020411,0,204.105400562205,6.09269852424493,202.074501054124,27.4171433591022,7.10814827828575,0,709.799378074534,76.1587315530616,73.1123822909392,3.04634926212247,5.07724877020411,692.53673225584,49.7570379480003,1159.64361911462,75.1432817990208,186.842754743511,242.692491215756,0,1.01544975404082,24.3707940969797
"809",996,2,1809.12987853017,132.722969916788,62.3530731152694,48.9917003048545,40.0841184312446,73.9329295509623,19.5966801219418,2859.33378142878,164.790264661783,853.34634349183,59.6807985531864,10.6890982483319,5.34454912416595,9338.70883629263,1839.41565690045,1394.92732140731,15.1428891851369,188.84073572053,11732.1760857316,272.572005332463,5778.34836141075,216.454239528721,1542.79318050924,1011.01054265473,281.479587206073,8.90758187360991,660.942575021856
"810",997,2,2575.97554566237,567.451270782641,111.648627314232,305.019445755375,141.575063501551,75.9671072447349,27.6244026344491,3646.42114774728,508.749415184437,1515.88909456539,140.424046725116,24.1713523051429,4.60406710574151,12064.9578505956,2015.43037553835,1136.05355834172,14.9632180936599,176.105566794613,15854.1050786209,299.264361873198,6647.1218839143,219.844204299157,1491.71774226025,1079.65373629638,308.472496084681,4.60406710574151,478.822978997117
"811",998,1,386.499275987509,75.7841717622566,30.3136687049026,26.5244601167898,30.3136687049026,3.78920858811283,7.57841717622566,1242.86041690101,75.7841717622566,238.720141051108,3.78920858811283,0,0,2985.89636743291,185.671220817529,238.720141051108,0,390.288484575622,7074.45243400665,22.735251528677,3247.3517600127,45.470503057354,564.592079628812,178.092803641303,3.78920858811283,0,208.406472346206
"812",999,3,1190.17761926499,140.204169808704,46.7347232695679,37.3877786156543,115.278984064934,46.7347232695679,21.8095375257983,2691.92006032711,124.625928718848,405.034268336255,90.3537983211645,9.34694465391357,0,7891.93693612102,788.258999146711,510.966307747275,0,93.4694465391357,6583.36468457312,96.5850947571069,4910.2615915226,249.251857437695,3050.2196053938,1595.21188760125,12.4625928718848,3.11564821797119,526.544548837131
"813",1001,1,308.372398108985,1.36649511717423,25.9634072263104,0.455498372391411,58.3037916661006,3.18848860673988,25.0524104815276,442.28891959206,39.6283583980528,88.8221826163252,0,0,0,1396.55800975207,237.770150388317,14.5759479165252,0,98.3876484365448,614.467304356014,44.1833421219669,1105.49454979395,28.6963974606589,442.28891959206,505.603193354466,0.910996744782822,0,64.6807688795804
"814",1006,1,1381.57207579539,115.131006316283,125.50316904748,58.0841112947013,132.763682959317,19.7071091892736,71.5679228452569,2592.00346652604,243.745824183121,770.651690927912,71.5679228452569,1.03721627311967,0,5967.10521925744,3625.07087455323,207.443254623933,1.03721627311967,359.914046772524,5133.18333566923,77.7912204839749,6425.55481197633,408.663211609148,2734.10209594344,3535.87027506494,1.03721627311967,1.03721627311967,289.383340200387
"815",1007,1,357.940037681166,53.3102183780461,30.462981930312,0,7.61574548257801,0,0,784.421784705535,0,624.491129571397,7.61574548257801,0,0,1812.54742485357,152.31490965156,297.014073820542,15.231490965156,22.847236447734,1309.90822300342,68.5417093432021,1881.08913419677,45.6944728954681,213.240873512184,297.014073820542,0,0,45.6944728954681
"816",1008,2,1576.57618265936,411.280743302441,47.4554703810509,221.458861778238,26.3641502116949,126.547921016136,0,2736.59879197394,168.730561354848,1149.4769492299,189.821881524204,237.277351905255,5.27283004233899,9918.19330963964,1534.39354232065,2441.32030960295,58.0011304657289,253.095842032271,17384.5206495916,184.549051481865,8315.25297676858,63.2739605080679,379.643763048407,179.276221439526,0,242.550181947594,427.099233429458
"817",1009,1,91.9313170237705,11.8197407601991,1.31330452891101,0,6.56652264455504,5.25321811564403,0,101.124448726148,3.93991358673302,131.330452891101,0,0,3.93991358673302,454.403367003208,261.34760125329,42.0257449251522,6.56652264455504,11.8197407601991,1621.93109320509,17.0729588758431,722.317490901054,26.2660905782201,103.75105778397,31.5193086938642,0,0,126.077234775457
"818",1011,1,13.9488775296224,0,0,0,0,10.4616581472168,0,20.9233162944336,0,34.872193824056,0,0,0,115.078239619385,0,6.9744387648112,0,3.4872193824056,380.10691268221,0,66.2571682657064,27.8977550592448,20.9233162944336,136.001555913818,0,0,31.3849744416504
"819",1014,1,31.7027421351131,0,0,0,0,0,0,7.92568553377827,0,122.848125773563,7.92568553377827,0,0,162.476553442454,43.5912704357805,15.8513710675565,0,0,1624.76553442454,11.8885283006674,194.179295577568,0,3.96284276688913,0,0,0,3.96284276688913
"820",1016,1,118.8904502214,4.57270962389999,0,0,9.14541924779999,9.14541924779999,0,60.9694616519999,3.0484730826,201.1992234516,0,0,0,420.689285398799,41.1543866150999,24.3877846608,0,0,1512.0426489696,50.2998058628999,675.236787795899,4.57270962389999,71.6391174410999,21.3393115782,3.0484730826,0,275.8868139753
"821",1017,1,1.6699002329224,0,0,0,0,0,0,0,0,0,0,0,0,9.18445128107322,1.6699002329224,0,0,0,121.067766886874,0,47.5921566382885,0,1.6699002329224,0,0,0,10.0194013975344
"822",1020,1,110.322087294411,7.88014909245792,0,0,7.88014909245792,7.88014909245792,0,170.736563669922,15.7602981849158,328.33954551908,0,0,0,672.439389223076,94.561789109495,60.4144763755107,0,7.88014909245792,2287.86995317695,78.8014909245792,730.227149234434,23.6404472773738,168.109847305769,94.561789109495,7.88014909245792,0,149.7228327567
"823",1022,1,204.686876923764,0,6.674572073601,0,11.124286789335,11.124286789335,6.674572073601,144.615728261355,15.574001505069,229.160307860301,0,0,0,327.054031606449,491.693476088607,24.473430936537,2.224857357867,22.24857357867,1746.5130259256,20.023716220803,464.995187794203,4.449714715734,135.716298829887,35.597717725872,6.674572073601,0,104.568295819749
"824",1024,1,164.33334422874,1.18225427502691,11.8225427502691,0,16.5515598503767,0,17.7338141254036,60.2949680263724,0,99.3093591022604,1.18225427502691,0,0,267.189466156082,35.4676282508073,1.18225427502691,0,23.6450855005382,933.980877271259,23.6450855005382,497.729049786329,2.36450855005382,111.13190185253,14.1870513003229,2.36450855005382,0,237.633109280409
"825",1025,1,293.311186743492,16.4355406364888,3.79281706995895,0,15.1712682798358,18.9640853497948,6.32136178326492,372.96034521263,21.4926300631007,457.66659310838,49.3066219094664,8.84990649657088,0,1424.83494594791,614.43636533335,175.733857574765,0,56.8922560493843,2183.3983599397,70.7992519725671,925.447365069984,13.9069959231828,96.0846991056268,89.7633373223618,1.26427235665298,1.26427235665298,87.2347926090559
"826",1026,3,507.660497596338,188.022406517162,14.6239649513348,98.1894789589625,31.3370677528604,12.5348271011442,37.6044813034325,624.652217207017,110.724306060107,305.014126127841,68.9415490562928,0,0,1940.80906282715,635.09790645797,96.1003411087718,2.08913785019069,60.5849976555301,1698.46907220503,52.2284462547673,1752.78665630999,37.6044813034325,359.331710232799,403.203605086804,0,0,127.437408861632
"827",1028,3,951.267046783721,189.274403819746,52.2136286399298,37.5285455849496,102.795581384862,1.63167589499781,91.3738501198772,2630.26154273646,117.480664439842,422.604056804432,45.6869250599386,57.1086563249232,0,6905.25238763072,1767.10499428262,368.758752269504,8.15837947498903,256.173115514656,6267.26711268658,45.6869250599386,3064.28733080588,174.589320764765,2233.764300252,1311.86741957824,13.0534071599825,24.4751384249671,487.871092604344
"828",1032,1,460.164958057739,2.27804434682049,13.668266080923,0,84.2876408323582,0,22.7804434682049,1861.16223135234,13.668266080923,2.27804434682049,0,0,0,7633.72660619547,1555.9042888784,4.55608869364098,0,109.346128647384,1697.14303838127,41.0047982427689,4025.30436083181,15.9463104277434,1059.29062127153,1904.44507394193,0,0,198.189858173383
"829",1035,1,1203.27206580252,590.090778538548,103.907289264397,229.622281213913,71.8371382568667,16.6764785239155,62.8574959747584,2125.60960877907,297.611001349877,615.746899344572,100.058871143493,0,5.13122416120477,4296.11742896869,2495.05774838582,262.975238261744,7.69683624180715,699.12929196415,5355.71521825748,194.986518125781,5979.15895384385,723.502606729872,2668.23656382648,1907.53258192787,37.2013751687346,6.41403020150596,384.841812090358
"830",1036,1,119.390630920604,0,0,0,26.5312513156898,0,13.2656256578449,86.226566775992,3.31640641446123,3.31640641446123,0,0,0,268.62891957136,271.945325985821,3.31640641446123,0,0,1107.67974243005,9.94921924338369,732.925817595932,0,301.792983715972,33.1640641446123,0,0,487.511742925801
"831",1038,1,141.373917712131,2.31760520839558,4.63521041679117,0,9.27042083358233,0,0,185.408416671647,4.63521041679117,229.442915631163,0,16.2232364587691,0,628.071011475203,108.927444794592,104.292234377801,0,4.63521041679117,1504.12578024873,20.8584468755602,801.891402104872,30.1288677091426,201.631653130416,83.433787502241,2.31760520839558,20.8584468755602,104.292234377801
"832",1043,1,1.34448199629187,0,0,0,0,0,0.672240998145933,0,0,0.672240998145933,0,0,0,5.37792798516746,0,0,0,0,6.72240998145933,0,0,0,0,0,0,0,0.672240998145933
"833",1048,2,1349.09275306562,379.638662159574,75.3775314722632,170.562297491983,83.6305458670366,28.6104499018809,88.5823545039006,2573.28988829033,349.377609378738,779.634759826256,85.8313497056428,4.95180863686401,0.550200959651557,6710.80110487004,1031.07659838702,471.522222421384,0,573.309399956922,9078.86603521033,153.506067742784,3338.06922220599,100.686775616235,1377.7032029675,664.092558299429,68.224918996793,0,574.409801876225
"834",1049,3,989.646444655363,242.071792217859,97.6424035836741,109.847704031633,26.4448176372451,43.7356599385207,28.4790343785716,1811.47000815129,177.993964866072,595.008396838014,124.087221220919,4.06843348265309,2.03421674132654,4849.57271132248,537.033219710207,513.639727184952,0,107.813487290307,7041.44125010183,148.497822116838,2441.06008959185,89.5055366183679,882.850065735719,321.406245129594,74.2489110584188,2.03421674132654,411.928890118625
"835",1050,1,12.532677319602,0,0.435919211116592,0,2.50653546392041,0,1.08979802779148,46.4253959839171,1.08979802779148,2.50653546392041,0,0,0,174.694623854974,9.26328323622759,0,0,1.41673743612893,25.5012738503207,3.05143447781615,124.345954971008,2.07061625280381,59.5029723174149,81.7348520843611,0,0,6.21184875841144
"836",1051,1,3.99070196180546,0,0,0,1.06418718981479,0,0.266046797453697,23.9442117708328,0.532093594907395,0.798140392361092,0,0,0,105.08848499421,5.85302954398134,0,0,2.12837437962958,16.7609482395829,0.798140392361092,218.158373912032,0,58.2642486423597,27.9349137326382,0,0,14.8986206574071
"837",1053,3,238.210425881008,3.66477578278474,7.32955156556948,0,3.66477578278474,0,0,80.6250672212643,18.3238789139237,388.466232975183,3.66477578278474,0,0,311.505941536703,377.471905626828,14.659103131139,7.32955156556948,3.66477578278474,1953.32549222427,18.3238789139237,963.836030872387,0,65.9659640901254,51.3068609589864,0,0,80.6250672212643
"838",1065,3,0,0,0,0,0,0,0,33.1047152150553,1.27325827750213,0,0,0,0,47.1105562675787,1.27325827750213,0,0,0,1.27325827750213,0,29.2849403825489,0,11.4593244975192,26.7384238275447,0,0,0
"839",1067,3,13.4315857229847,0,2.44210649508813,0,0,0,0,9.76842598035252,0,8.54737273280846,0,0,0,26.8631714459694,24.4210649508813,6.10526623772033,0,2.44210649508813,13.4315857229847,2.44210649508813,21.9789584557932,0,0,0,0,0,0
"840",1068,3,86.4742531617474,72.4514012976802,0,32.7199876828233,2.33714197734452,0,0,191.645642142251,16.3599938414117,28.0457037281343,0,9.34856790937809,0,392.63985219388,542.21693874393,86.4742531617474,0,0,243.06276564383,11.6857098867226,208.005635983663,11.6857098867226,23.3714197734452,86.4742531617474,0,0,14.0228518640671
